Start Time,Lat,Long,Velocity,Time ,Time Offset,
13:25:21,37.4257821,-122.1644127,0.145686,4.28877E+14,0,0.999997687
13:25:21,37.42577688,-122.1644118,0,4.28878E+14,991870567,
13:25:21,37.425778,-122.1644117,0.220305,4.28878E+14,991870567,
13:25:22,37.42578107,-122.1644036,0.72,4.28879E+14,1997788845,
13:25:22,37.4257812,-122.1644048,0.69934,4.28879E+14,1997788845,
13:25:21,37.4258912,-122.1645722,,4.28878E+14,926347009,
13:25:24,37.42579743,-122.1643996,1.98,4.2888E+14,3002490507,
13:25:24,37.4257936,-122.1644003,1.938786,4.2888E+14,3002490507,
13:25:25,37.42581168,-122.1643992,1.89,4.28881E+14,4007660347,
13:25:25,37.4258114,-122.1643985,1.891473,4.28881E+14,4007660347,
13:25:25,37.42583543,-122.1643937,3.04,4.28882E+14,4987609142,
13:25:25,37.4258266,-122.1643959,2.824623,4.28882E+14,4987609142,
13:25:27,37.42585772,-122.164394,2.4,4.28883E+14,6005830963,
13:25:27,37.4258555,-122.164393,2.426667,4.28883E+14,6005830963,
13:25:28,37.42589094,-122.1643905,3.53,4.28884E+14,7009528979,
13:25:28,37.4258866,-122.164392,3.505707,4.28884E+14,7009528979,
13:25:28,37.42592254,-122.1643875,3.45,4.28885E+14,7998807776,
13:25:28,37.4259164,-122.1643889,3.455579,4.28885E+14,7998807776,
13:25:30,37.42595209,-122.1643859,3.28,4.28886E+14,9012980064,
13:25:30,37.4259503,-122.1643857,3.386697,4.28886E+14,9012980064,
13:25:31,37.42598335,-122.1643853,3.53,4.28887E+14,10003543496,
13:25:30,37.4259599,-122.1643815,3.212489,4.28887E+14,9591206154,
13:25:31,37.4259863,-122.1643824,3.502612,4.28888E+14,10789482560,
13:25:32,37.42601611,-122.1643872,3.47,4.28888E+14,11002774377,
13:25:32,37.4260148,-122.1643862,3.480506,4.28889E+14,11388632091,
13:25:33,37.42604815,-122.1643916,3.47,4.28889E+14,12003327966,
13:25:32,37.4260374,-122.1643903,3.480813,4.28889E+14,11987759331,
13:25:34,37.4260788,-122.1643952,3.39,4.2889E+14,13002406920,
13:25:33,37.4260674,-122.1643965,3.471923,4.2889E+14,12586894904,
13:25:35,37.4261239,-122.1643911,5.39,4.28891E+14,14010345354,
13:25:34,37.4261021,-122.164399,3.397932,4.28891E+14,13785219956,
13:25:35,37.42615064,-122.1643852,3,4.28892E+14,14997173994,
13:25:35,37.4261524,-122.1643892,5.167436,4.28892E+14,14983516050,
13:25:27,37.426046,-122.1644662,,4.28884E+14,6480347009,
13:25:36,37.4261733,-122.1643794,3,4.28893E+14,15582654644,
13:25:36,37.42618483,-122.1643861,2.83,4.28893E+14,15992050030,
13:25:37,37.426188,-122.1643808,2.879906,4.28894E+14,16094347009,
13:25:37,37.42621481,-122.1643767,3.62,4.28894E+14,16998418412,
13:25:37,37.4262105,-122.1643802,2.834859,4.28894E+14,16661149644,
13:25:38,37.4262215,-122.1643778,3.418566,4.28895E+14,17260313394,
13:25:38,37.4262392,-122.1643721,3.565951,4.28895E+14,17797347009,
13:25:39,37.42624103,-122.1643613,3.06,4.28895E+14,18005884241,
13:25:39,37.426254,-122.164361,3.183747,4.28896E+14,18334347009,
13:25:40,37.42628209,-122.1643494,3.91,4.28896E+14,19005751685,
13:25:39,37.426272,-122.1643477,3.083425,4.28896E+14,18937889435,
13:25:40,37.4263003,-122.1643441,3.833192,4.28897E+14,19537040477,
13:25:41,37.42631295,-122.1643406,3.55,4.28897E+14,20001203867,
13:25:41,37.4263306,-122.1643374,3.584118,4.28898E+14,20640347009,
13:25:41,37.42635178,-122.1643231,4.02,4.28898E+14,20999391102,
13:25:42,37.426356,-122.1643254,3.683577,4.28899E+14,21214702612,
13:25:43,37.42638856,-122.1643261,3.57,4.28899E+14,22007279692,
13:25:42,37.4263731,-122.1643193,3.798979,4.28899E+14,21813823341,
13:25:43,37.426399,-122.1643233,3.688117,4.289E+14,22412967873,
13:25:44,37.42640982,-122.1643432,3.07,4.289E+14,23009380417,
13:25:44,37.4264074,-122.1643324,3.596275,4.289E+14,23009380417,
13:25:44,37.4264218,-122.1643459,3.489799,4.28901E+14,23535347009,
13:25:45,37.42643074,-122.1643666,3.72,4.28901E+14,24006152756,
13:25:45,37.4264349,-122.1643641,3.422405,4.28902E+14,24090624383,
13:25:45,37.4264472,-122.1643819,3.482051,4.28902E+14,24689749435,
13:25:46,37.42644888,-122.1644148,5.19,4.28902E+14,25001051761,
13:25:46,37.4264552,-122.1644085,3.705488,4.28903E+14,25213347009,
13:25:46,37.4264682,-122.164442,3.89425,4.28903E+14,25768210529,
13:25:47,37.42646053,-122.1644681,5.37,4.28903E+14,26005779726,
13:25:47,37.4264608,-122.16446,4.005316,4.28903E+14,26005779726,
13:25:48,37.42647321,-122.1645257,5.9,4.28904E+14,27008339878,
13:25:48,37.4264711,-122.1645265,5.125762,4.28904E+14,27008339878,
13:25:49,37.42648579,-122.1645873,5.94,4.28905E+14,28007376644,
13:25:49,37.4264849,-122.1645911,5.760294,4.28905E+14,28007376644,
13:25:49,37.42650443,-122.1646498,6.15,4.28906E+14,28998310961,
13:25:49,37.4265011,-122.1646519,5.783874,4.28906E+14,28998310961,
13:25:51,37.42651952,-122.1647146,6.13,4.28907E+14,30005947364,
13:25:51,37.4265172,-122.1647157,5.869011,4.28907E+14,30005947364,
13:25:52,37.42652907,-122.1647785,6.08,4.28908E+14,31007920172,
13:25:52,37.426528,-122.1647807,5.960249,4.28908E+14,31007920172,
13:25:53,37.42654171,-122.1648444,5.98,4.28909E+14,32003302980,
13:25:53,37.42654,-122.1648455,5.972178,4.28909E+14,32003302980,
13:25:53,37.42655735,-122.1649103,6.1,4.2891E+14,32999078964,
13:25:53,37.4265554,-122.1649105,6.021154,4.2891E+14,32999078964,
13:25:55,37.42658231,-122.1649754,6.21,4.28911E+14,34012235159,
13:25:55,37.4265783,-122.1649755,6.094106,4.28911E+14,34012235159,
13:25:56,37.42660734,-122.1650373,6.02,4.28912E+14,35000327184,
13:25:56,37.4266031,-122.1650378,6.08621,4.28912E+14,35000327184,
13:25:57,37.42662296,-122.1651022,5.91,4.28913E+14,36005395930,
13:25:57,37.4266229,-122.1651019,5.998429,4.28913E+14,36005395930,
13:25:58,37.4266388,-122.1651666,6,4.28914E+14,37005321603,
13:25:58,37.4266402,-122.1651661,5.98823,4.28914E+14,37005321603,
13:25:59,37.42665131,-122.1652281,5.66,4.28915E+14,38000829254,
13:25:59,37.4266551,-122.1652289,5.810487,4.28915E+14,38000829254,
13:26:00,37.4266685,-122.1652895,5.95,4.28916E+14,39005047687,
13:26:00,37.4266696,-122.1652912,5.923538,4.28916E+14,39005047687,
13:26:01,37.42668386,-122.1653522,5.69,4.28917E+14,40000750026,
13:26:01,37.4266843,-122.1653536,5.735384,4.28917E+14,40000750026,
13:26:02,37.42669763,-122.1654186,6.32,4.28918E+14,41015173409,
13:26:02,37.426697,-122.1654186,6.046654,4.28918E+14,41015173409,
13:26:02,37.42670846,-122.1654823,5.73,4.28919E+14,41997776892,
13:26:02,37.4267099,-122.1654823,5.770261,4.28919E+14,41997776892,
13:26:02,37.4265,-122.165869,,4.28918E+14,41038347009,
13:26:04,37.42671965,-122.1655467,5.91,4.2892E+14,43007148659,
13:26:04,37.426726,-122.1655759,5.882183,4.2892E+14,43007148659,
13:26:05,37.42672242,-122.1656085,5.43,4.28921E+14,44002039227,
13:26:05,37.4267306,-122.1656249,5.510005,4.28921E+14,44002039227,
13:26:06,37.42674256,-122.1656644,5.34,4.28922E+14,45009746567,
13:26:06,37.4267396,-122.1656763,5.406104,4.28922E+14,45009746567,
13:26:07,37.42677871,-122.1657141,6.77,4.28923E+14,46002515884,
13:26:07,37.4267695,-122.1657236,6.398117,4.28923E+14,46002515884,
13:26:08,37.42681293,-122.1657704,5.91,4.28924E+14,47001918744,
13:26:08,37.4268104,-122.1657734,6.082067,4.28924E+14,47001918744,
13:26:09,37.42684127,-122.1658149,5.12,4.28925E+14,48004424574,
13:26:09,37.4268429,-122.16582,5.467441,4.28925E+14,48004424574,
13:26:10,37.4268743,-122.1658656,5.577652,4.28926E+14,49006298007,
13:26:10,37.42687391,-122.1658629,5.67,4.28926E+14,49006298007,
13:26:10,37.42690439,-122.1659189,6.3,4.28927E+14,49996555762,
13:26:10,37.4269061,-122.1659165,5.915461,4.28927E+14,49996555762,
13:26:12,37.42692582,-122.1659702,4.86,4.28928E+14,51007356852,
13:26:12,37.4269305,-122.1659694,5.213329,4.28928E+14,51007356852,
13:26:13,37.4269412,-122.1660234,5.26,4.28929E+14,52001070076,
13:26:13,37.4269451,-122.1660235,5.226263,4.28929E+14,52001070076,
13:26:13,37.42695584,-122.166075,5.2,4.2893E+14,52999067050,
13:26:13,37.4269566,-122.166078,5.202056,4.2893E+14,52999067050,
13:26:15,37.42696731,-122.1661353,5.3,4.28931E+14,54003941213,
13:26:15,37.4269677,-122.1661355,5.288713,4.28931E+14,54003941213,
13:26:16,37.4269737,-122.1661969,5.8,4.28932E+14,55003328135,
13:26:16,37.4269758,-122.1661957,5.690746,4.28932E+14,55003328135,
13:26:17,37.42697883,-122.1662493,4.82,4.28933E+14,56003439120,
13:26:17,37.4269816,-122.1662544,5.335807,4.28933E+14,56003439120,
13:26:18,37.42698671,-122.166319,6.33,4.28934E+14,57004508231,
13:26:18,37.4269883,-122.1663178,5.850315,4.28934E+14,57004508231,
13:26:19,37.42699769,-122.1663869,6.27,4.28935E+14,58000076819,
13:26:19,37.4269977,-122.1663854,6.04892,4.28935E+14,58000076819,
13:26:20,37.42701321,-122.1664623,6.44,4.28936E+14,59008228586,
13:26:20,37.4270116,-122.1664584,6.402331,4.28936E+14,59008228586,
13:26:21,37.42703659,-122.1665301,6.37,4.28937E+14,60005644050,
13:26:21,37.4270321,-122.1665285,6.371753,4.28937E+14,60005644050,
13:26:22,37.42705917,-122.1666009,6.57,4.28938E+14,61003738056,
13:26:22,37.4270575,-122.1665971,6.494128,4.28938E+14,61003738056,
13:26:23,37.42707872,-122.1666631,5.88,4.28939E+14,62004008572,
13:26:23,37.4270788,-122.1666639,6.112595,4.28939E+14,62004008572,
13:26:24,37.42709501,-122.1667261,6.18,4.2894E+14,63000054401,
13:26:24,37.4270964,-122.1667276,6.110199,4.2894E+14,63000054401,
13:26:24,37.42711136,-122.1667905,6,4.28941E+14,63998627052,
13:26:24,37.4271117,-122.1667921,6.011131,4.28941E+14,63998627052,
13:26:26,37.4271268,-122.1668519,5.51,4.28942E+14,65003979340,
13:26:26,37.4271262,-122.1668545,5.539457,4.28942E+14,65003979340,
13:26:27,37.42714134,-122.1669124,5.72,4.28943E+14,66006648711,
13:26:27,37.4271397,-122.1669142,5.653596,4.28943E+14,66006648711,
13:26:28,37.42715562,-122.1669785,5.81,4.28944E+14,67011728707,
13:26:28,37.4271539,-122.1669777,5.788527,4.28944E+14,67011728707,
13:26:29,37.42716533,-122.167048,5.68,4.28945E+14,68002584482,
13:26:29,37.4271654,-122.1670456,5.683497,4.28945E+14,68002584482,
13:26:29,37.4271775,-122.1671167,6.32,4.28946E+14,68989301299,
13:26:29,37.427176,-122.1671142,6.296145,4.28946E+14,68989301299,
13:26:31,37.42718901,-122.1671842,6.15,4.28947E+14,70011157860,
13:26:31,37.4271884,-122.1671847,6.150801,4.28947E+14,70011157860,
13:26:31,37.42719947,-122.1672459,5.81,4.28948E+14,70999554156,
13:26:31,37.427199,-122.167248,5.810785,4.28948E+14,70999554156,
13:26:32,37.42721493,-122.1673138,6.24,4.28949E+14,71992417849,
13:26:32,37.4272135,-122.1673131,6.227407,4.28949E+14,71992417849,
13:26:34,37.42722832,-122.1673773,5.97,4.2895E+14,73005356335,
13:26:34,37.4272288,-122.1673785,5.980191,4.2895E+14,73005356335,
13:26:34,37.42724437,-122.1674412,5.82,4.28951E+14,73993947579,
13:26:34,37.4272436,-122.1674419,5.83284,4.28951E+14,73993947579,
13:26:35,37.427254,-122.1675027,5.56,4.28952E+14,74999921586,
13:26:35,37.4272544,-122.1675038,5.575654,4.28952E+14,74999921586,
13:26:36,37.42727059,-122.1675627,5.1,4.28953E+14,75995523924,
13:26:36,37.4272688,-122.1675634,5.104293,4.28953E+14,75995523924,
13:26:37,37.42727991,-122.1676136,4.55,4.28954E+14,76995120118,
13:26:37,37.4272802,-122.1676154,4.579569,4.28954E+14,76995120118,
13:26:39,37.42730959,-122.1676726,5.34,4.28955E+14,78002933604,
13:26:39,37.4273035,-122.1676676,5.292447,4.28955E+14,78002933604,
13:26:40,37.42732576,-122.1677204,4.8,4.28956E+14,79010949433,
13:26:40,37.4273228,-122.1677085,4.909251,4.28956E+14,79010949433,
13:26:40,37.42734003,-122.1677699,4.09,4.28957E+14,79990097812,
13:26:40,37.4273402,-122.1677658,4.106242,4.28957E+14,79990097812,
13:26:41,37.42734692,-122.1678159,3.9,4.28958E+14,80992986610,
13:26:41,37.4273463,-122.1678103,3.924355,4.28958E+14,80992986610,
13:26:43,37.42735852,-122.1678571,3.79,4.28959E+14,82010347961,
13:26:43,37.4273536,-122.167842,3.811405,4.28959E+14,82010347961,
13:26:44,37.42736802,-122.1678949,3.43,4.2896E+14,83003242435,
13:26:44,37.4273679,-122.16789,3.431449,4.2896E+14,83003242435,
13:26:44,37.42737743,-122.1679167,2.15,4.28961E+14,83999342326,
13:26:44,37.4273758,-122.1679157,3.282516,4.28961E+14,83999342326,
13:26:46,37.42737399,-122.1679772,5.53,4.28962E+14,85000455290,
13:26:45,37.4273838,-122.1679396,2.529501,4.28962E+14,84694809675,
13:26:46,37.4273814,-122.1679751,3.599349,4.28963E+14,85293927956,
13:26:46,37.42737567,-122.1680184,4.27,4.28963E+14,85997776431,
13:26:46,37.4273799,-122.1680084,4.291456,4.28963E+14,85893068790,
13:26:47,37.4273799,-122.1680588,4.477807,4.28964E+14,86492247331,
13:26:48,37.42738337,-122.1680597,3.97,4.28964E+14,87011299657,
13:26:48,37.4273807,-122.1680609,4.418649,4.28964E+14,87011299657,
13:26:48,37.4273845,-122.1680938,4.260095,4.28965E+14,87570741863,
13:26:49,37.42738778,-122.1681004,4.28,4.28965E+14,88000333350,
13:26:49,37.4273899,-122.16812,4.147757,4.28966E+14,88169862227,
13:26:49,37.4273949,-122.168142,4.182216,4.28966E+14,88768990613,
13:26:50,37.42738932,-122.1681446,3.96,4.28966E+14,89002673762,
13:26:50,37.4273971,-122.1681693,4.11511,4.28967E+14,89368145092,
13:26:51,37.4273917,-122.1681851,3.36,4.28967E+14,90008198289,
13:26:50,37.4273966,-122.1681953,4.064866,4.28967E+14,89967299831,
13:26:51,37.42737709,-122.1682413,4.7,4.28968E+14,90999097554,
13:26:51,37.4273951,-122.1682283,3.748852,4.28968E+14,90566442383,
13:26:52,37.4273889,-122.1682481,3.884965,4.28969E+14,91165604675,
13:26:53,37.42737525,-122.1682926,4.8,4.28969E+14,92012801405,
13:26:52,37.4273783,-122.1682752,3.929882,4.28969E+14,91764761290,
13:26:53,37.4273735,-122.1682968,4.139242,4.2897E+14,92348347009,
13:26:54,37.42736463,-122.1683341,3.99,4.2897E+14,93013003484,
13:26:53,37.4273658,-122.1683334,4.398205,4.2897E+14,92963034415,
13:26:54,37.4273625,-122.168358,4.257013,4.28971E+14,93527347009,
13:26:55,37.42735853,-122.1683783,3.61,4.28971E+14,94009480042,
13:26:55,37.4273593,-122.1683838,3.952007,4.28971E+14,94041533101,
13:26:56,37.42734545,-122.1684123,3.09,4.28972E+14,95003849308,
13:26:55,37.4273573,-122.1684115,3.818316,4.28972E+14,94640675601,
13:26:56,37.4273498,-122.1684182,3.61753,4.28973E+14,95204347009,
13:26:56,37.42731806,-122.168436,4.22,4.28973E+14,95999279771,
13:26:56,37.4273346,-122.1684427,3.434867,4.28973E+14,95719111695,
13:26:57,37.4273197,-122.168448,3.714192,4.28974E+14,96267347009,
13:26:57,37.4272961,-122.1684585,3.928673,4.28974E+14,96797598413,
13:26:58,37.42728736,-122.1684444,3.14,4.28974E+14,97008376591,
13:26:58,37.4272684,-122.1684609,3.624408,4.28975E+14,97396731643,
13:26:59,37.42725668,-122.1684515,3.66,4.28975E+14,98015160806,
13:26:58,37.4272593,-122.1684574,3.460447,4.28975E+14,97995876382,
13:27:00,37.42722627,-122.1684611,3.19,4.28976E+14,99009528769,
13:26:59,37.4272318,-122.1684658,3.497809,4.28976E+14,98595031434,
13:27:00,37.4272062,-122.1684716,3.411095,4.28977E+14,99747347009,
13:27:01,37.42719937,-122.1684707,3.02,4.28977E+14,1.00009E+11,
13:27:01,37.4271855,-122.1684763,3.214029,4.28978E+14,1.00273E+11,
13:27:02,37.42717337,-122.1684817,2.84,4.28978E+14,1.01008E+11,
13:27:01,37.4271722,-122.1684805,3.168559,4.28978E+14,1.00872E+11,
13:27:03,37.42714989,-122.1685005,3.17,4.28979E+14,1.02012E+11,
13:27:03,37.4271471,-122.1684942,3.00958,4.28979E+14,1.02012E+11,
13:27:03,37.4271327,-122.1685123,2.994568,4.2898E+14,1.02549E+11,
13:27:04,37.42713332,-122.1685239,2.33,4.2898E+14,1.03016E+11,
13:27:04,37.4271221,-122.1685301,2.776114,4.28981E+14,1.03149E+11,
13:27:05,37.42712417,-122.168551,2.52,4.28981E+14,1.04008E+11,
13:27:04,37.4271135,-122.1685415,2.642024,4.28981E+14,1.03748E+11,
13:27:06,37.42712453,-122.1685846,3.11,4.28982E+14,1.05001E+11,
13:27:05,37.427107,-122.1685696,2.333134,4.28982E+14,1.04946E+11,
13:27:06,37.4271148,-122.1685979,2.382453,4.28983E+14,1.05545E+11,
13:27:07,37.42713324,-122.1686177,2.71,4.28983E+14,1.06008E+11,
13:27:07,37.4271269,-122.1686331,2.58161,4.28984E+14,1.0675E+11,
13:27:07,37.42714883,-122.1686471,2.98,4.28984E+14,1.06997E+11,
13:27:08,37.4271412,-122.1686597,2.678716,4.28985E+14,1.07343E+11,
13:27:08,37.42716515,-122.1686792,3.24,4.28985E+14,1.07998E+11,
13:27:08,37.4271503,-122.168675,2.789475,4.28985E+14,1.07942E+11,
13:27:09,37.4271584,-122.1686926,2.955281,4.28986E+14,1.08504E+11,
,37.4271785,-122.1687146,3.31,4.28986E+14,,
,37.4271673,-122.1687104,3.060195,4.28986E+14,,
,37.42718928,-122.1687531,3.51,4.28987E+14,,
,37.4271789,-122.1687391,3.156843,4.28987E+14,,
,37.4271844,-122.1687563,3.289574,4.28988E+14,,
,37.42720087,-122.1687974,4.27,4.28988E+14,,
,37.4271902,-122.1687762,3.371056,4.28988E+14,,
,37.4271929,-122.1687909,3.614613,4.28989E+14,,
,37.4272127,-122.1688476,4.57,4.28989E+14,,
,37.4272012,-122.1688273,3.840109,4.28989E+14,,
,37.4272082,-122.1688601,4.151293,4.2899E+14,,
,37.42722234,-122.1689007,4.84,4.2899E+14,,
,37.427213,-122.1688842,4.33732,4.2899E+14,,
,37.4272209,-122.1689179,4.553389,4.28991E+14,,
,37.42722959,-122.1689548,4.72,4.28991E+14,,
,37.4272275,-122.1689528,4.657141,4.28992E+14,,
,37.42723966,-122.1690156,5.54,4.28992E+14,,
,37.4272409,-122.169003,5.45018,4.28992E+14,,
,37.42724842,-122.1690735,5.21,4.28993E+14,,
,37.4272519,-122.169069,5.217575,4.28993E+14,,
,37.42726087,-122.1691278,4.93,4.28994E+14,,
,37.427261,-122.1691275,4.949439,4.28994E+14,,
,37.42726272,-122.1691842,4.68,4.28995E+14,,
,37.4272644,-122.1691833,4.748804,4.28995E+14,,
,37.42725879,-122.1692583,6.01,4.28996E+14,,
,37.4272602,-122.1692514,5.905602,4.28996E+14,,
,37.42726659,-122.1693204,5.22,4.28997E+14,,
,37.4272633,-122.1693194,5.280073,4.28997E+14,,
,37.42727712,-122.1693971,6.92,4.28998E+14,,
,37.4272746,-122.1693919,6.886293,4.28998E+14,,
,37.4272845,-122.1694621,6.48,4.28999E+14,,
,37.4272854,-122.169464,6.488523,4.28999E+14,,
,37.42731952,-122.16954,7.75,4.29E+14,,
,37.4273132,-122.1695388,7.699824,4.29E+14,,
,37.42733203,-122.1696074,6.33,4.29001E+14,,
,37.4273364,-122.1696098,6.39688,4.29001E+14,,
,37.42734896,-122.1696787,6.36,4.29002E+14,,
,37.4273507,-122.1696788,6.361884,4.29002E+14,,
,37.42736554,-122.1697446,6.25,4.29003E+14,,
,37.4273654,-122.1697455,6.260443,4.29003E+14,,
,37.42739954,-122.169807,6.29,4.29004E+14,,
,37.427394,-122.1698088,6.28791,4.29004E+14,,
,37.42743339,-122.169882,6.94,4.29005E+14,,
,37.42743,-122.1698785,6.922835,4.29005E+14,,
,37.4274435,-122.1699537,6.87,4.29006E+14,,
,37.4274502,-122.1699502,6.852158,4.29006E+14,,
,37.42744342,-122.1700277,6.89,4.29007E+14,,
,37.4274484,-122.1700276,6.88971,4.29007E+14,,
,37.42745654,-122.1700988,6.89,4.29008E+14,,
,37.4274539,-122.1701011,6.890689,4.29008E+14,,
,37.427475,-122.1701696,6.72,4.29009E+14,,
,37.4274727,-122.170172,6.732715,4.29009E+14,,
,37.42749098,-122.1702451,6.9,4.2901E+14,,
,37.427492,-122.1702445,6.894417,4.2901E+14,,
,37.4275084,-122.1703164,6.42,4.29011E+14,,
,37.4275092,-122.170317,6.428034,4.29011E+14,,
,37.42752342,-122.1703886,6.28,4.29012E+14,,
,37.427524,-122.1703883,6.282213,4.29012E+14,,
,37.42754108,-122.1704552,6.13,4.29013E+14,,
,37.4275403,-122.1704556,6.13634,4.29013E+14,,
,37.42754906,-122.1705203,5.86,4.29014E+14,,
,37.4275517,-122.170521,5.860847,4.29014E+14,,
,37.42755932,-122.170585,6.03,4.29015E+14,,
,37.4275598,-122.1705853,6.029847,4.29015E+14,,
,37.427574,-122.1706457,5.58,4.29016E+14,,
,37.4275728,-122.1706478,5.588316,4.29016E+14,,
,37.42759248,-122.1707115,6.58,4.29017E+14,,
,37.4275912,-122.1707105,6.515452,4.29017E+14,,
,37.42760212,-122.1707732,5.55,4.29018E+14,,
,37.4276056,-122.1707746,5.574788,4.29018E+14,,
,37.42761945,-122.1708385,6.23,4.29019E+14,,
,37.427618,-122.1708382,6.194225,4.29019E+14,,
,37.42762695,-122.1708973,5.27,4.2902E+14,,
,37.4276288,-122.1708997,5.286041,4.2902E+14,,
,37.42762912,-122.1709571,5.1,4.29021E+14,,
,37.4276311,-122.1709576,5.11816,4.29021E+14,,
,37.42765852,-122.1710177,6.1,4.29022E+14,,
,37.4276511,-122.1710172,6.016336,4.29022E+14,,
,37.42767668,-122.1710759,5.64,4.29023E+14,,
,37.4276763,-122.1710765,5.649662,4.29023E+14,,
,37.42769508,-122.1711344,5.28,4.29024E+14,,
,37.4276954,-122.1711341,5.316848,4.29024E+14,,
,37.4276359,-122.1711113,,4.29024E+14,,
,37.42771073,-122.1711859,4.35,4.29025E+14,,
,37.4277197,-122.1712097,4.605738,4.29025E+14,,
,37.42771369,-122.1712195,2.65,4.29026E+14,,
,37.4277218,-122.1712327,2.84953,4.29026E+14,,
,37.42771813,-122.1712564,3.07,4.29027E+14,,
,37.4277181,-122.1712525,2.865283,4.29027E+14,,
,37.4277269,-122.1713006,4.16,4.29028E+14,,
,37.4277231,-122.1712922,3.242263,4.29028E+14,,
,37.42773738,-122.1713449,4.09,4.29029E+14,,
,37.4277332,-122.1713345,3.751041,4.29029E+14,,
,37.42774434,-122.1713926,4.48,4.2903E+14,,
,37.4277422,-122.1713744,4.062604,4.2903E+14,,
,37.42775442,-122.1714482,5.38,4.29031E+14,,
,37.4277509,-122.1714297,4.988308,4.29031E+14,,
,37.4277021,-122.1713971,,4.29031E+14,,
,37.4277635,-122.1715009,3.804534,4.29032E+14,,
,37.42776092,-122.1714943,4.62,4.29032E+14,,
,37.42777525,-122.1715487,4.73,4.29033E+14,,
,37.4277733,-122.1715501,4.543404,4.29033E+14,,
,37.42778196,-122.1715962,4.17,4.29034E+14,,
,37.4277799,-122.1715759,3.894094,4.29034E+14,,
,37.4277817,-122.1716036,3.963522,4.29035E+14,,
,37.42778414,-122.1716374,3.69,4.29035E+14,,
,37.42779174,-122.1716813,4.04,4.29036E+14,,
,37.4277841,-122.1716673,3.906437,4.29036E+14,,
,37.42779443,-122.1717203,3.36,4.29037E+14,,
,37.4277914,-122.1717162,3.995179,4.29037E+14,,
,37.4277954,-122.1717531,3.689543,4.29038E+14,,
,37.42780183,-122.1717571,3.19,4.29038E+14,,
,37.4278036,-122.1717886,3.428319,4.29039E+14,,
,37.42781355,-122.1717907,3.32,4.29039E+14,,
,37.42781899,-122.1718221,2.71,4.2904E+14,,
,37.4278214,-122.1718305,3.282294,4.2904E+14,,
,37.427787,-122.171779,,4.29036E+14,,
,37.4278201,-122.1718455,2.71,4.29041E+14,,
,37.42782696,-122.1718642,4.25,4.29041E+14,,
,37.42783832,-122.1719044,3.74,4.29042E+14,,
,37.4278281,-122.1718904,4.090479,4.29042E+14,,
,37.4278443,-122.1719386,3.772729,4.29043E+14,,
,37.42785052,-122.1719419,3.48,4.29043E+14,,
,37.42786164,-122.1719891,4.89,4.29044E+14,,
,37.4278584,-122.1719751,3.519634,4.29044E+14,,
,37.427862,-122.1719902,4.398253,4.29045E+14,,
,37.4278726,-122.1720398,4.43,4.29045E+14,,
,37.4278718,-122.1720293,4.752081,4.29045E+14,,
,37.42788231,-122.172087,4.26,4.29046E+14,,
,37.4278824,-122.1720911,4.494735,4.29046E+14,,
,37.4278868,-122.1721209,4.294769,4.29047E+14,,
,37.42789062,-122.1721326,4.06,4.29047E+14,,
,37.4278913,-122.172147,4.082814,4.29048E+14,,
,37.42789469,-122.1721761,3.79,4.29048E+14,,
,37.4278948,-122.1721685,4.077925,4.29048E+14,,
,37.4278975,-122.172194,3.834998,4.29049E+14,,
,37.42788972,-122.1722202,4.21,4.29049E+14,,
,37.4278981,-122.1722187,3.78854,4.29049E+14,,
,37.4279381,-122.1722811,,4.29045E+14,,
,37.427884,-122.1722667,2.783488,4.2905E+14,,
,37.42787535,-122.1722651,4.18,4.2905E+14,,
,37.42786226,-122.1722997,2.77,4.29051E+14,,
,37.4278642,-122.1723031,4.152435,4.29051E+14,,
,37.4278561,-122.1723174,3.002493,4.29052E+14,,
,37.42779125,-122.1723012,6.55,4.29052E+14,,
,37.4278095,-122.1723115,6.367788,4.29052E+14,,
,37.42775345,-122.1723142,5.06,4.29053E+14,,
,37.4277533,-122.172316,5.078662,4.29053E+14,,
,37.42770706,-122.1723398,5.46,4.29054E+14,,
,37.4277073,-122.1723335,5.452566,4.29054E+14,,
,37.42766304,-122.1723546,5.01,4.29055E+14,,
,37.4276625,-122.1723552,5.083345,4.29055E+14,,
,37.42761887,-122.1723784,5.01,4.29056E+14,,
,37.4276191,-122.1723764,5.016384,4.29056E+14,,
,37.42757764,-122.1723995,5.15,4.29057E+14,,
,37.4275769,-122.1723979,5.123013,4.29057E+14,,
,37.42752788,-122.1723983,5.16,4.29058E+14,,
,37.4275293,-122.172403,5.150298,4.29058E+14,,
,37.42748447,-122.1724173,4.99,4.29059E+14,,
,37.4274843,-122.1724135,4.997731,4.29059E+14,,
,37.4274455,-122.1724317,4.78,4.2906E+14,,
,37.4274445,-122.172432,3.005421,4.2906E+14,,
,37.4274385,-122.1724363,3.954285,4.29061E+14,,
,37.42739294,-122.1724469,5.71,4.29061E+14,,
,37.427412,-122.1724435,4.589569,4.29061E+14,,
,37.42734377,-122.1724646,5.57,4.29062E+14,,
,37.4273525,-122.172461,5.492366,4.29062E+14,,
,37.42728482,-122.1724822,6.61,4.29063E+14,,
,37.4272906,-122.1724807,6.557775,4.29063E+14,,
,37.42723349,-122.1724846,5.1,4.29064E+14,,
,37.4272338,-122.1724896,5.111057,4.29064E+14,,
,37.42718913,-122.1724933,5.04,4.29065E+14,,
,37.4271887,-122.1724918,5.039965,4.29065E+14,,
,37.42714819,-122.1725274,5.83,4.29066E+14,,
,37.4271469,-122.1725202,5.771717,4.29066E+14,,
,37.42711054,-122.1725461,4.77,4.29067E+14,,
,37.4271077,-122.1725471,4.775211,4.29067E+14,,
,37.42706608,-122.1725657,5.08,4.29068E+14,,
,37.4270668,-122.1725651,4.80153,4.29068E+14,,
,37.4270472,-122.1725722,4.273507,4.29069E+14,,
,37.42702709,-122.172578,4.69,4.29069E+14,,
,37.4270281,-122.1725668,4.339225,4.2907E+14,,
,37.42698761,-122.1726128,5.33,4.2907E+14,,
,37.4269945,-122.1725978,5.085934,4.2907E+14,,
,37.42696954,-122.1726516,4.77,4.29071E+14,,
,37.4269658,-122.1726451,4.764255,4.29071E+14,,
,37.42694708,-122.1726913,4.67,4.29072E+14,,
,37.4269459,-122.172692,4.707909,4.29072E+14,,
,37.4269183,-122.1727245,4.4,4.29073E+14,,
,37.426939,-122.1727125,3.843622,4.29073E+14,,
,37.4269306,-122.1727224,2.606494,4.29074E+14,,
,37.42690774,-122.1727611,4.32,4.29074E+14,,
,37.4269133,-122.1727521,3.70698,4.29074E+14,,
,37.42689658,-122.1728174,4.46,4.29075E+14,,
,37.4268924,-122.172801,4.322856,4.29075E+14,,
,37.4268935,-122.1728451,4.395773,4.29076E+14,,
,37.4269021,-122.1728537,3.35,4.29076E+14,,
,37.4269015,-122.1728637,3.514956,4.29077E+14,,
,37.42691652,-122.1728784,2.66,4.29077E+14,,
,37.4269141,-122.1728811,3.366773,4.29077E+14,,
,37.4269285,-122.1728932,2.740387,4.29078E+14,,
,37.42693478,-122.1728963,2.63,4.29078E+14,,
,37.4269388,-122.1728958,2.69014,4.29078E+14,,
,37.426954,-122.1729029,2.625652,4.29079E+14,,
,37.42695553,-122.1729208,3.02,4.29079E+14,,
,37.426961,-122.172914,2.875015,4.2908E+14,,
,37.4269725,-122.1729303,2.990446,4.2908E+14,,
,37.42696678,-122.172948,2.71,4.2908E+14,,
,37.4269781,-122.172951,2.768526,4.29081E+14,,
,37.42696257,-122.1729743,2.61,4.29081E+14,,
,37.4269799,-122.1729708,2.687847,4.29081E+14,,