Start time ,Lat,Long ,Velocity ,Time ,Time offset 
8:53:20,37.4205694,-122.1585744,0.347052,1103755833195520,0
8:53:21,37.42054263,-122.1585443,0.58,1103756842994010,1009798490
8:53:20,37.4205703,-122.1585768,0.489884,1103756432340570,599145050
8:53:21,37.4205699,-122.1585773,0.496865,1103757031493750,1198298230
8:53:22,37.42053967,-122.1585312,0.96,1103757848211920,2015016400
8:53:21,37.42057,-122.1585786,0.522197,1103757630644420,1797448900
8:53:22,37.4205674,-122.158574,0.634936,1103758229804420,2396608900
8:53:23,37.42053458,-122.1585117,2.17,1103758847818430,3014622910
8:53:22,37.4205664,-122.158571,0.708084,1103758828950000,2995754480
Err:502,37.4206573,-122.1583858,,1103750973000000,-4860195520
8:53:23,37.4205628,-122.1585465,1.70449,1103759368000000,3534804480
8:53:24,37.42053079,-122.1584939,1.15,1103759851311130,4018115610
8:53:24,37.4205573,-122.1585318,1.504317,1103759907382760,4074187240
8:53:25,37.42052448,-122.158476,2.12,1103760846611180,5013415660
8:53:24,37.4205618,-122.1585205,1.277268,1103760506548220,4673352700
8:53:25,37.4205566,-122.1585091,1.474488,1103761064000000,5230804480
8:53:25,37.4205562,-122.1584961,1.676253,1103761585022650,5751827130
8:53:26,37.42052178,-122.1584505,2.47,1103761848704710,6015509190
8:53:26,37.4205484,-122.158474,1.997068,1103762183000000,6349804480
8:53:26,37.4205469,-122.1584564,2.084203,1103762702000000,6868804480
8:53:27,37.42052848,-122.1584293,1.75,1103762845981060,7012785540
8:53:27,37.4205438,-122.1584362,2.021244,1103763262626770,7429431250
8:53:27,37.4205448,-122.1584231,1.932962,1103763781000000,7947804480
8:53:28,37.42054692,-122.1584075,3.34,1103763848079130,8014883610
8:53:28,37.4205491,-122.1584073,2.156821,1103764341000000,8507804480
8:53:29,37.42057561,-122.1583863,3.43,1103764845754540,9012559020
8:53:29,37.420563,-122.158394,2.448319,1103764845754540,9012559020
8:53:29,37.4205869,-122.1583753,2.885041,1103765419550460,9586354940
8:53:30,37.42060953,-122.1583638,4.37,1103765841165270,10007969750
8:53:30,37.4206046,-122.1583619,3.261805,1103766018683380,10185487860
8:53:31,37.42064514,-122.1583396,4.08,1103766854063490,11020867970
8:53:30,37.4206212,-122.1583467,3.490451,1103766523298450,10690102930
8:53:31,37.4206364,-122.1583381,3.70063,1103767097161920,11263966400
8:53:31,37.4206587,-122.158325,3.881634,1103767706000000,11872804480
8:53:32,37.42068401,-122.1583158,4.82,1103767863085110,12029889590
8:53:32,37.4206938,-122.1583047,4.164392,1103768295448950,12462253430
8:53:33,37.42072283,-122.1582896,4.44,1103768855699160,13022503640
8:53:33,37.4207083,-122.1582958,4.347983,1103768855699160,13022503640
8:53:33,37.4207342,-122.1582789,4.475457,1103769373880100,13540684580
8:53:34,37.42077447,-122.1582515,5.17,1103769843062070,14009866550
8:53:34,37.4207679,-122.158255,4.861448,1103769973037240,14139841720
8:53:34,37.4207875,-122.1582395,5.090198,1103770523298450,14690102930
8:53:35,37.42081754,-122.1582239,5.22,1103770844272590,15011077070
8:53:35,37.4208063,-122.1582288,5.21831,1103770844272590,15011077070
8:53:36,37.42085453,-122.1581878,4.86,1103771843508000,16010312480
8:53:36,37.4208519,-122.1581914,4.864342,1103771843508000,16010312480
8:53:37,37.4208946,-122.158158,4.97,1103772847120710,17013925190
8:53:37,37.4208915,-122.1581599,5.120774,1103772847120710,17013925190
8:53:37,37.4209161,-122.1581429,1.709997,1103773463061350,17629865830
8:53:38,37.4209376,-122.1581258,5.45,1103773849163770,18015968250
8:53:38,37.4209279,-122.1581335,3.998946,1103773849163770,18015968250
8:53:39,37.42096573,-122.1580995,4.11,1103774847707520,19014512000
8:53:39,37.4209635,-122.1581063,4.66618,1103774847707520,19014512000
8:53:39,37.4209779,-122.1580942,2.443516,1103775455160460,19621964940
8:53:40,37.42099775,-122.1580816,4.33,1103775846951840,20013756320
8:53:40,37.42099,-122.1580949,2.597996,1103776015793430,20182597910
8:53:40,37.4210134,-122.1580769,3.776958,1103776533660930,20700465410
8:53:41,37.42103269,-122.1580635,4.59,1103776843384800,21010189280
8:53:41,37.4210402,-122.1580589,4.455837,1103777132799060,21299603540
8:53:42,37.42106297,-122.1580406,4.42,1103777844662400,22011466880
8:53:41,37.4210624,-122.1580469,4.569445,1103777731915990,21898720470
8:53:42,37.4210821,-122.1580299,4.451285,1103778331046920,22497851400
8:53:43,37.42109992,-122.158006,4.6,1103778846307190,23013111670
8:53:43,37.4210987,-122.1580117,4.439517,1103778846307190,23013111670
8:53:43,37.4211229,-122.1579871,4.528925,1103779409526090,23576330570
8:53:44,37.42113491,-122.1579604,4.27,1103779846312390,24013116870
8:53:44,37.4211539,-122.1579491,4.386939,1103780576000000,24742804480
8:53:45,37.42118124,-122.1579163,5.13,1103780848883380,25015687860
8:53:45,37.4211845,-122.1579144,4.9418,1103781087102600,25253907080
8:53:46,37.42119936,-122.1579164,2.36,1103781847268690,26014073170
8:53:45,37.4212076,-122.1578976,5.200638,1103781686236350,25853040830
8:53:46,37.4212193,-122.1579014,2.845001,1103782214000000,26380804480
8:53:47,37.42121289,-122.1579147,1.41,1103782842027800,27008832280
8:53:46,37.4212324,-122.1579052,2.386109,1103782764663590,26931468070
8:53:47,37.4212404,-122.1579061,1.531275,1103783363809010,27530613490
8:53:48,37.42125586,-122.1579092,3.88,1103783841088990,28007893470
8:53:48,37.4212642,-122.1579081,2.458428,1103784491000000,28657804480
8:53:49,37.42128757,-122.1579305,4.03,1103784854272890,29021077370
8:53:49,37.4212912,-122.1579175,3.292701,1103785015793430,29182597910
8:53:49,37.4213085,-122.1579233,3.569464,1103785520725990,29687530470
8:53:50,37.42133348,-122.1579253,4.68,1103785844043510,30010847990
8:53:50,37.421338,-122.1579259,3.993933,1103786119850720,30286655200
8:53:51,37.42137806,-122.1579025,4.71,1103786838029030,31004833510
8:53:50,37.4213558,-122.1579219,4.328011,1103786718987290,30885791770
8:53:51,37.4213839,-122.1579037,4.453703,1103787297000000,31463804480
8:53:51,37.4214083,-122.1578809,4.633873,1103787797402860,31964207340
8:53:52,37.42141873,-122.1578727,5.76,1103787858374550,32025179030
8:53:53,37.42145741,-122.1578334,5.79,1103788844068550,33010873030
8:53:53,37.4214567,-122.1578368,5.77488,1103788844068550,33010873030
8:53:54,37.42150134,-122.1578021,5.48,1103789844235000,34011039480
8:53:54,37.4214999,-122.1578001,5.482715,1103789844235000,34011039480
8:53:55,37.42154637,-122.1577604,6.01,1103790851435680,35018240160
8:53:55,37.4215455,-122.1577632,5.974892,1103790851435680,35018240160
8:53:56,37.42159328,-122.15771,6.54,1103791851402700,36018207180
8:53:56,37.4215923,-122.1577144,6.49227,1103791851402700,36018207180
8:53:57,37.42164285,-122.1576547,6.57,1103792846924630,37013729110
8:53:57,37.4216415,-122.1576592,6.568246,1103792846924630,37013729110
8:53:58,37.42170149,-122.1576025,7.37,1103793845163420,38011967900
8:53:58,37.4216979,-122.157606,7.319715,1103793845163420,38011967900
8:53:59,37.42176314,-122.157561,7.81,1103794848127850,39014932330
8:53:59,37.42176,-122.1575605,7.775035,1103794848127850,39014932330
8:54:00,37.42182847,-122.1575078,8.4,1103795841693930,40008498410
8:54:00,37.4218258,-122.15751,8.359547,1103795841693930,40008498410
8:54:01,37.42188723,-122.1574625,7.12,1103796846880960,41013685440
8:54:01,37.4218878,-122.1574618,7.136349,1103796846880960,41013685440
8:54:02,37.42194203,-122.1574153,7.16,1103797842375700,42009180180
8:54:02,37.4219424,-122.1574173,7.160424,1103797842375700,42009180180
8:54:03,37.42199748,-122.1573695,7.6,1103798844625170,43011429650
8:54:03,37.4219967,-122.1573695,7.572973,1103798844625170,43011429650
8:54:04,37.42205222,-122.1573374,7.24,1103799842785840,44009590320
8:54:04,37.4220526,-122.1573329,7.301771,1103799842785840,44009590320
8:54:05,37.42210558,-122.1572814,8.04,1103800840903080,45007707560
8:54:05,37.422107,-122.1572842,8.012326,1103800840903080,45007707560
8:54:06,37.42216627,-122.1572317,8.2,1103801847412190,46014216670
8:54:06,37.4221668,-122.1572325,8.166489,1103801847412190,46014216670
8:54:07,37.42222676,-122.1571795,8.14,1103802842249160,47009053640
8:54:07,37.4222274,-122.157181,8.134838,1103802842249160,47009053640
8:54:08,37.42228634,-122.1571221,7.87,1103803841978320,48008782800
8:54:08,37.422287,-122.1571275,7.940897,1103803841978320,48008782800
8:54:09,37.42234448,-122.1570725,7.35,1103804842272590,49009077070
8:54:09,37.4223441,-122.1570762,7.396287,1103804842272590,49009077070
8:54:10,37.42238935,-122.1570305,7.3,1103805854817640,50021622120
8:54:10,37.4223947,-122.1570291,7.338225,1103805854817640,50021622120
8:54:11,37.42244928,-122.1569814,7.61,1103806847447270,51014251750
8:54:11,37.4224499,-122.1569826,7.559252,1103806847447270,51014251750
8:54:12,37.42249928,-122.1569338,6.8,1103807844872680,52011677160
8:54:12,37.4225034,-122.1569366,7.06094,1103807844872680,52011677160
8:54:13,37.4225564,-122.1568873,7.53,1103808842247630,53009052110
8:54:13,37.4225564,-122.1568897,7.210338,1103808842247630,53009052110
8:54:14,37.42261294,-122.1568351,7.55,1103809845800900,54012605380
8:54:14,37.4226121,-122.1568397,7.382113,1103809845800900,54012605380
8:54:15,37.42265887,-122.1567901,6.75,1103810843462510,55010266990
8:54:15,37.4226621,-122.1567924,6.98844,1103810843462510,55010266990
8:54:16,37.42271006,-122.1567473,7.01,1103811848995060,56015799540
8:54:16,37.4227121,-122.156747,6.999872,1103811848995060,56015799540
8:54:17,37.42276401,-122.1567133,6.64,1103812844642450,57011446930
8:54:17,37.4227639,-122.1567086,6.772713,1103812844642450,57011446930
8:54:18,37.42281802,-122.156671,7.02,1103813844781250,58011585730
8:54:18,37.4228173,-122.1566703,6.814221,1103813844781250,58011585730
8:54:19,37.42285883,-122.1567033,5.75,1103814846457490,59013261970
8:54:19,37.4228637,-122.1566786,5.613889,1103814846457490,59013261970
8:54:20,37.42289702,-122.1567454,6.26,1103815844150150,60010954630
8:54:20,37.4229025,-122.1567273,6.122279,1103815844150150,60010954630
8:54:21,37.42294385,-122.1567855,6.28,1103816846120450,61012924930
8:54:21,37.4229442,-122.1567785,6.226826,1103816846120450,61012924930
8:54:22,37.42298888,-122.1568298,6.56,1103817845552690,62012357170
8:54:22,37.4229867,-122.1568285,6.294687,1103817845552690,62012357170
8:54:23,37.42301503,-122.1569089,7.97,1103818847527010,63014331490
8:54:23,37.423022,-122.1568954,6.985214,1103818847527010,63014331490
8:54:24,37.42304204,-122.1569818,6.91,1103819851312320,64018116800
8:54:24,37.4230513,-122.1569694,6.902154,1103819851312320,64018116800
8:54:25,37.42307423,-122.1570515,6.91,1103820848244860,65015049340
8:54:25,37.4230802,-122.1570426,6.91055,1103820848244860,65015049340
8:54:26,37.42311122,-122.1571305,8.64,1103821848809440,66015613920
8:54:26,37.4231152,-122.1571244,8.353027,1103821848809440,66015613920
8:54:27,37.42315525,-122.1571925,7.27,1103822847834280,67014638760
8:54:27,37.4231548,-122.1571964,7.306566,1103822847834280,67014638760
8:54:28,37.42319987,-122.1572601,7.57,1103823839820060,68006624540
8:54:28,37.4231947,-122.1572629,7.470609,1103823839820060,68006624540
8:54:29,37.42323341,-122.1573377,7.6,1103824849484170,69016288650
8:54:29,37.4232329,-122.1573358,7.5497,1103824849484170,69016288650
8:54:30,37.42327261,-122.157415,7.54,1103825846316450,70013120930
8:54:30,37.423268,-122.1574131,7.549835,1103825846316450,70013120930
8:54:31,37.42330905,-122.1574927,7.91,1103826850810560,71017615040
8:54:31,37.4233052,-122.1574908,7.768314,1103826850810560,71017615040
8:54:32,37.42334131,-122.1575701,7.73,1103827844125870,72010930350
8:54:32,37.4233402,-122.1575683,7.745791,1103827844125870,72010930350
8:54:33,37.42337483,-122.1576455,7.71,1103828843110920,73009915400
8:54:33,37.4233739,-122.1576455,7.725205,1103828843110920,73009915400
8:54:34,37.42342816,-122.1577133,8.6,1103829848431280,74015235760
8:54:34,37.4234221,-122.157717,8.425624,1103829848431280,74015235760
8:54:35,37.42347018,-122.1577774,7.68,1103830846594350,75013398830
8:54:35,37.4234701,-122.1577837,8.115638,1103830846594350,75013398830
8:54:36,37.42350525,-122.1578454,7.47,1103831842382890,76009187370
8:54:36,37.4235101,-122.1578499,7.769061,1103831842382890,76009187370
8:54:37,37.42353644,-122.1579136,7.24,1103832850085230,77016889710
8:54:37,37.4235419,-122.1579158,7.265188,1103832850085230,77016889710
8:54:38,37.42357419,-122.1579836,7.46,1103833844620900,78011425380
8:54:38,37.4235752,-122.1579838,7.451354,1103833844620900,78011425380
8:54:39,37.4236152,-122.1580492,7.94,1103834848231990,79015036470
8:54:39,37.4236143,-122.1580509,7.925058,1103834848231990,79015036470
8:54:40,37.42364625,-122.1581131,6.6,1103835848022500,80014826980
8:54:40,37.4236508,-122.1581148,6.660976,1103835848022500,80014826980
8:54:41,37.42367911,-122.1581845,7.11,1103836843170780,81009975260
8:54:41,37.42368,-122.1581828,7.092309,1103836843170780,81009975260
8:54:42,37.42371459,-122.1582494,6.93,1103837842564260,82009368740
8:54:42,37.4237144,-122.1582498,6.931577,1103837842564260,82009368740
8:54:43,37.42373825,-122.1583179,6.59,1103838843771500,83010575980
8:54:43,37.4237418,-122.158317,6.63959,1103838843771500,83010575980
8:54:44,37.42376958,-122.1584049,8.23,1103839849971230,84016775710
8:54:44,37.4237698,-122.1583995,8.116825,1103839849971230,84016775710
8:54:45,37.4237998,-122.1584807,7.83,1103840845934620,85012739100
8:54:45,37.4238007,-122.1584808,7.846418,1103840845934620,85012739100
8:54:46,37.42383157,-122.1585495,7.61,1103841843191950,86009996430
8:54:46,37.4238309,-122.1585532,7.615385,1103841843191950,86009996430
8:54:47,37.42386684,-122.1586287,7.78,1103842849120860,87015925340
8:54:47,37.4238644,-122.1586299,7.771039,1103842849120860,87015925340
8:54:48,37.42390316,-122.1587075,8.16,1103843845613300,88012417780
8:54:48,37.4239013,-122.1587075,8.155025,1103843845613300,88012417780
8:54:48,37.424832,-122.1596491,,1103843967000000,88133804480
8:54:48,37.4239046,-122.1587127,8.153111,1103843967000000,88133804480
8:54:49,37.42393871,-122.158782,7.62,1103844842434960,89009239440
8:54:49,37.4239378,-122.1587821,7.707625,1103844842434960,89009239440
8:54:50,37.42395636,-122.1588707,8.27,1103845849958760,90016763240
8:54:50,37.4239604,-122.1588678,8.097443,1103845849958760,90016763240
8:54:51,37.4239736,-122.1589589,8.18,1103846850072770,91016877250
8:54:51,37.423977,-122.1589576,8.161948,1103846850072770,91016877250
8:54:52,37.42399051,-122.1590597,8.35,1103847843633850,92010438330
8:54:52,37.4239931,-122.1590557,8.339394,1103847843633850,92010438330
8:54:53,37.42400505,-122.1591472,8.44,1103848844158330,93010962810
8:54:53,37.4240063,-122.1591475,8.434171,1103848844158330,93010962810
8:54:54,37.42401639,-122.1592407,8.48,1103849846526500,94013330980
8:54:54,37.4240178,-122.159241,8.476952,1103849846526500,94013330980
8:54:55,37.42403503,-122.1593342,8.33,1103850841958680,95008763160
8:54:55,37.4240343,-122.1593343,8.332035,1103850841958680,95008763160
8:54:56,37.42405492,-122.1594287,8.33,1103851843817220,96010621700
8:54:56,37.4240561,-122.1594271,8.325617,1103851843817220,96010621700
8:54:57,37.42407965,-122.1595103,7.58,1103852843417790,97010222270
8:54:57,37.4240772,-122.159513,7.621871,1103852843417790,97010222270
8:54:58,37.42410157,-122.1595938,7.4,1103853843994400,98010798880
8:54:58,37.4240985,-122.1595949,7.402191,1103853843994400,98010798880
8:54:59,37.42412111,-122.1596759,7.33,1103854844056480,99010860960
8:54:59,37.424119,-122.159676,7.332793,1103854844056480,99010860960
8:55:00,37.4241429,-122.1597519,7.47,1103855846266840,100013071320
8:55:00,37.4241411,-122.1597532,7.461172,1103855846266840,100013071320
8:55:01,37.42416492,-122.1598353,7.36,1103856846219280,101013023760
8:55:01,37.4241625,-122.1598353,7.36353,1103856846219280,101013023760
8:55:02,37.42418323,-122.1599283,8.56,1103857847584490,102014388970
8:55:02,37.4241811,-122.1599249,8.384029,1103857847584490,102014388970
8:55:03,37.4242047,-122.1600031,7.09,1103858852101100,103018905580
8:55:03,37.4242022,-122.160007,7.115653,1103858852101100,103018905580
8:55:04,37.42421775,-122.1600775,7.03,1103859848022190,104014826670
8:55:04,37.4242189,-122.1600794,7.02999,1103859848022190,104014826670
8:55:05,37.4242411,-122.1601489,6.42,1103860849751350,105016555830
8:55:05,37.4242386,-122.1601514,6.440806,1103860849751350,105016555830
8:55:06,37.42426824,-122.1602126,6.17,1103861851366860,106018171340
8:55:06,37.4242643,-122.1602153,6.176978,1103861851366860,106018171340
8:55:07,37.42429192,-122.160273,5.96,1103862850374260,107017178740
8:55:07,37.4242916,-122.1602741,5.961298,1103862850374260,107017178740
8:55:08,37.42431563,-122.1603323,6.07,1103863848928420,108015732900
8:55:08,37.424316,-122.1603327,6.066593,1103863848928420,108015732900
8:55:08,37.4246159,-122.160615,,1103863959000000,108125804480
8:55:08,37.4243175,-122.160336,6.063318,1103863959000000,108125804480
8:55:09,37.42435662,-122.160392,6.93,1103864850400130,109017204610
8:55:09,37.4243525,-122.1603907,6.899533,1103864850400130,109017204610
8:55:10,37.42437667,-122.1604587,6.68,1103865851892520,110018697000
8:55:10,37.4243816,-122.1604561,6.65694,1103865851892520,110018697000
8:55:11,37.42438625,-122.160526,6.53,1103866850168920,111016973400
8:55:11,37.4243904,-122.1605266,6.526052,1103866850168920,111016973400
8:55:12,37.42439552,-122.1605994,7.08,1103867843980220,112010784700
8:55:12,37.424395,-122.1605996,7.015183,1103867843980220,112010784700
8:55:13,37.42436388,-122.160668,7.09,1103868843339280,113010143760
8:55:13,37.4243743,-122.1606708,7.068358,1103868843339280,113010143760
8:55:14,37.42437317,-122.1607438,6.8,1103869843460520,114010265000
8:55:14,37.4243642,-122.160743,6.786991,1103869843460520,114010265000
8:55:15,37.42438914,-122.1608187,7.2,1103870841318440,115008122920
8:55:15,37.4243841,-122.1608187,7.198203,1103870841318440,115008122920
8:55:16,37.4244064,-122.160896,7.05,1103871843530150,116010334630
8:55:16,37.4244064,-122.1608958,7.051515,1103871843530150,116010334630
8:55:17,37.42442859,-122.160972,7.17,1103872847357590,117014162070
8:55:17,37.4244272,-122.1609723,7.167007,1103872847357590,117014162070
8:55:18,37.42444143,-122.1610549,7.4,1103873842558210,118009362690
8:55:18,37.4244443,-122.1610527,7.391567,1103873842558210,118009362690
8:55:19,37.42444754,-122.1611561,8.13,1103874847134300,119013938780
8:55:19,37.4244509,-122.1611494,8.02418,1103874847134300,119013938780
8:55:20,37.42446347,-122.161231,6.96,1103875846060910,120012865390
8:55:20,37.424463,-122.1612331,7.174314,1103875846060910,120012865390
8:55:21,37.4244771,-122.1613045,7.15,1103876843944610,121010749090
8:55:21,37.4244765,-122.1613068,7.148109,1103876843944610,121010749090
8:55:22,37.4244948,-122.1613884,7.32,1103877850932260,122017736740
8:55:22,37.4244923,-122.1613881,7.292401,1103877850932260,122017736740
8:55:23,37.42450304,-122.1614753,7.55,1103878853915430,123020719910
8:55:23,37.4245037,-122.1614737,7.536066,1103878853915430,123020719910
8:55:24,37.42452626,-122.1615446,7.32,1103879850932300,124017736780
8:55:24,37.4245231,-122.1615484,7.322945,1103879850932300,124017736780
8:55:25,37.42453418,-122.1616218,7.24,1103880852879490,125019683970
8:55:25,37.4245378,-122.1616233,7.239936,1103880852879490,125019683970
8:55:26,37.42455179,-122.1616979,7.2,1103881852043600,126018848080
8:55:26,37.4245527,-122.1616994,7.200925,1103881852043600,126018848080
8:55:27,37.42456651,-122.1617792,7.3,1103882852174160,127018978640
8:55:27,37.4245674,-122.1617789,7.298999,1103882852174160,127018978640
8:55:28,37.42457982,-122.1618589,7.05,1103883847238070,128014042550
8:55:28,37.4245806,-122.161859,7.05382,1103883847238070,128014042550
8:55:28,37.4245811,-122.1618645,7.051712,1103883980000000,128146804480
8:55:28,37.4247689,-122.1617484,,1103883980000000,128146804480
8:55:29,37.42460716,-122.1619249,6.77,1103884846920930,129013725410
8:55:29,37.4246023,-122.1619272,6.806478,1103884846920930,129013725410
8:55:30,37.42461761,-122.1620149,7.65,1103885852541440,130019345920
8:55:30,37.4246185,-122.1620112,7.57815,1103885852541440,130019345920
8:55:31,37.42463068,-122.1621049,8.11,1103886844959510,131011763990
8:55:31,37.4246321,-122.1621016,8.045298,1103886844959510,131011763990
8:55:32,37.42464899,-122.1621885,7.13,1103887846769660,132013574140
8:55:32,37.4246491,-122.1621886,7.153954,1103887846769660,132013574140
8:55:33,37.42466631,-122.1622658,7.52,1103888849866530,133016671010
8:55:33,37.4246658,-122.1622664,7.510509,1103888849866530,133016671010
8:55:34,37.42469109,-122.1623423,7.3,1103889848576110,134015380590
8:55:34,37.4246879,-122.1623444,7.304466,1103889848576110,134015380590
8:55:35,37.42470449,-122.1624267,7.56,1103890851902150,135018706630
8:55:35,37.424706,-122.1624256,7.55874,1103890851902150,135018706630
8:55:36,37.42471362,-122.1625156,7.92,1103891849217870,136016022350
8:55:36,37.4247146,-122.1625138,7.911967,1103891849217870,136016022350
8:55:37,37.42473294,-122.1625912,7.07,1103892845426670,137012231150
8:55:37,37.4247291,-122.1625948,7.07532,1103892845426670,137012231150
8:55:38,37.42474884,-122.1626635,7.11,1103893848174480,138014978960
8:55:38,37.4247498,-122.1626655,7.109755,1103893848174480,138014978960
8:55:39,37.42476638,-122.1627381,7.14,1103894843574580,139010379060
8:55:39,37.4247653,-122.16274,7.139987,1103894843574580,139010379060
8:55:40,37.42478705,-122.1628119,7.11,1103895848317130,140015121610
8:55:40,37.4247855,-122.162814,7.110105,1103895848317130,140015121610
8:55:41,37.42479965,-122.1628926,7.15,1103896850599470,141017403950
8:55:41,37.4248015,-122.162892,7.14985,1103896850599470,141017403950
8:55:42,37.42481664,-122.1629656,6.67,1103897848980660,142015785140
8:55:42,37.424816,-122.1629674,6.670662,1103897848980660,142015785140
8:55:43,37.42483253,-122.1630432,7.1,1103898846653830,143013458310
8:55:43,37.4248319,-122.1630423,7.08123,1103898846653830,143013458310
8:55:44,37.42485238,-122.1631138,7,1103899850363830,144017168310
8:55:44,37.4248508,-122.1631159,7.000135,1103899850363830,144017168310
8:55:45,37.42487332,-122.1631874,6.75,1103900850720800,145017525280
8:55:45,37.4248696,-122.1631895,6.76712,1103900850720800,145017525280
8:55:46,37.4248906,-122.1632623,6.83,1103901852943870,146019748350
8:55:46,37.4248901,-122.1632623,6.82731,1103901852943870,146019748350
8:55:47,37.42490314,-122.1633357,6.49,1103902856147880,147022952360
8:55:47,37.424905,-122.1633358,6.493137,1103902856147880,147022952360
8:55:48,37.42491668,-122.1634044,5.97,1103903849887250,148016691730
8:55:48,37.4249171,-122.1634052,5.972318,1103903849887250,148016691730
8:55:48,37.4249179,-122.1634092,5.97186,1103903975000000,148141804480
8:55:48,37.4248936,-122.1632862,,1103903975000000,148141804480
8:55:49,37.42493382,-122.1634695,5.76,1103904848055830,149014860310
8:55:49,37.4249328,-122.1634682,5.766865,1103904848055830,149014860310
8:55:50,37.42495113,-122.1635349,6.31,1103905853856770,150020661250
8:55:50,37.4249499,-122.1635338,6.267728,1103905853856770,150020661250
8:55:51,37.4249624,-122.1635998,6.02,1103906845522340,151012326820
8:55:51,37.4249643,-122.1635999,6.036585,1103906845522340,151012326820
8:55:52,37.4249746,-122.1636662,6.14,1103907848076390,152014880870
8:55:52,37.4249756,-122.1636663,6.137491,1103907848076390,152014880870
8:55:53,37.42498591,-122.163729,5.79,1103908847657270,153014461750
8:55:53,37.4249866,-122.1637305,5.802358,1103908847657270,153014461750
8:55:54,37.42499991,-122.1637916,5.98,1103909844858520,154011663000
8:55:54,37.4250002,-122.1637923,5.978122,1103909844858520,154011663000
8:55:55,37.42501534,-122.163858,5.98,1103910851368620,155018173100
8:55:55,37.425015,-122.163858,5.980128,1103910851368620,155018173100
8:55:56,37.42502799,-122.1639175,5.87,1103911850392260,156017196740
8:55:56,37.4250286,-122.1639192,5.876425,1103911850392260,156017196740
8:55:57,37.42504506,-122.1639856,5.72,1103912850548770,157017353250
8:55:57,37.4250452,-122.1639846,5.724288,1103912850548770,157017353250
8:55:58,37.42506109,-122.1640502,5.69,1103913842650120,158009454600
8:55:58,37.4250595,-122.1640493,5.691739,1103913842650120,158009454600
8:55:59,37.42507987,-122.1641103,5.75,1103914851271360,159018075840
8:55:59,37.4250777,-122.1641109,5.749809,1103914851271360,159018075840
8:56:00,37.42509404,-122.1641728,5.36,1103915847479120,160014283600
8:56:00,37.4250933,-122.1641729,5.360807,1103915847479120,160014283600
8:56:01,37.42511415,-122.1642322,5.3,1103916846218180,161013022660
8:56:01,37.4251112,-122.1642321,5.301273,1103916846218180,161013022660
8:56:02,37.42512853,-122.1642926,5.49,1103917849281970,162016086450
8:56:02,37.4251274,-122.1642917,5.487816,1103917849281970,162016086450
8:56:03,37.42514261,-122.1643528,5.36,1103918848820040,163015624520
8:56:03,37.4251408,-122.1643528,5.360632,1103918848820040,163015624520
8:56:04,37.42514506,-122.1644146,5.16,1103919852108530,164018913010
8:56:04,37.4251472,-122.1644138,5.160468,1103919852108530,164018913010
8:56:05,37.4251456,-122.1644685,4.61,1103920850557530,165017362010
8:56:05,37.4251461,-122.1644697,4.612043,1103920850557530,165017362010
8:56:06,37.42515941,-122.1645199,5.03,1103921846557890,166013362370
8:56:06,37.4251536,-122.1645086,5.026574,1103921846557890,166013362370
8:56:07,37.42517045,-122.1645721,4.63,1103922850416950,167017221430
8:56:07,37.4251694,-122.1645662,4.631259,1103922850416950,167017221430
8:56:08,37.42519933,-122.1646048,4.58,1103923843474550,168010279030
8:56:08,37.4251866,-122.1645972,4.515183,1103923843474550,168010279030
8:56:09,37.42523565,-122.1646271,4.82,1103924849028040,169015832520
8:56:09,37.4252293,-122.1646247,4.818627,1103924849028040,169015832520
8:56:07,37.4249413,-122.1650699,,1103922999000000,167165804480
8:56:09,37.4250696,-122.1648894,4.755967,1103925671986160,169838790640
8:56:10,37.42528155,-122.1646407,5.96,1103925845554750,170012359230
8:56:10,37.4252792,-122.1646435,5.95567,1103925845554750,170012359230
8:56:11,37.42533982,-122.1646359,6.52,1103926843445730,171010250210
8:56:11,37.4253375,-122.1646416,6.516945,1103926843445730,171010250210
8:56:12,37.42539183,-122.1646147,6.08,1103927849601510,172016405990
8:56:12,37.4253929,-122.1646187,6.083059,1103927849601510,172016405990
8:56:13,37.42543932,-122.1645857,5.81,1103928847005730,173013810210
8:56:13,37.4254405,-122.1645877,5.81152,1103928847005730,173013810210
8:56:13,37.4253713,-122.1648668,,1103929023000000,173189804480
8:56:13,37.4254441,-122.1645837,5.810705,1103929023000000,173189804480
8:56:14,37.42548599,-122.1645532,6.13,1103929846721970,174013526450
8:56:14,37.4254845,-122.1645543,6.122019,1103929846721970,174013526450
8:56:15,37.42553568,-122.1645223,6.08,1103930845969410,175012773890
8:56:15,37.4255346,-122.1645215,6.077219,1103930845969410,175012773890
8:56:16,37.42557926,-122.1644923,5.8,1103931850235400,176017039880
8:56:16,37.4255808,-122.1644922,5.803637,1103931850235400,176017039880
8:56:17,37.42560983,-122.1644417,5.67,1103932845461640,177012266120
8:56:17,37.4256155,-122.1644489,5.651589,1103932845461640,177012266120
8:56:18,37.42565367,-122.1644125,5.81,1103933845213520,178012018000
8:56:18,37.425651,-122.1644076,5.773877,1103933845213520,178012018000
8:56:19,37.42570161,-122.1643944,5.75,1103934845972680,179012777160
8:56:19,37.4257,-122.1643885,5.739081,1103934845972680,179012777160
8:56:20,37.42574513,-122.164385,5.47,1103935844518300,180011322780
8:56:20,37.4257468,-122.1643821,5.476928,1103935844518300,180011322780
8:56:21,37.42579683,-122.1643708,5.88,1103936846245690,181013050170
8:56:21,37.4257964,-122.164371,5.865447,1103936846245690,181013050170
8:56:22,37.4258375,-122.1643724,4.54,1103937847782040,182014586520
8:56:22,37.4258409,-122.1643694,4.600088,1103937847782040,182014586520
8:56:23,37.42588864,-122.1643539,5.68,1103938848764640,183015569120
8:56:23,37.4258867,-122.1643599,5.586144,1103938848764640,183015569120
8:56:24,37.42594793,-122.164352,6.55,1103939847225880,184014030360
8:56:24,37.4259443,-122.1643496,6.536649,1103939847225880,184014030360
8:56:25,37.42600289,-122.1643526,6.58,1103940858565720,185025370200
8:56:25,37.4260032,-122.164352,6.579242,1103940858565720,185025370200
8:56:26,37.42606176,-122.1643573,6.48,1103941848626240,186015430720
8:56:26,37.4260618,-122.1643556,6.480511,1103941848626240,186015430720
8:56:27,37.42611777,-122.1643618,6.09,1103942847668160,187014472640
8:56:27,37.4261184,-122.1643623,6.090503,1103942847668160,187014472640
8:56:28,37.42617067,-122.1643571,5.65,1103943852463050,188019267530
8:56:28,37.4261715,-122.1643607,5.665517,1103943852463050,188019267530
8:56:29,37.42622493,-122.1643425,5.79,1103944852905970,189019710450
8:56:29,37.4262241,-122.1643462,5.775516,1103944852905970,189019710450
8:56:30,37.42627454,-122.1643379,6.01,1103945851505340,190018309820
8:56:30,37.4262746,-122.1643358,6.003641,1103945851505340,190018309820
8:56:31,37.42633052,-122.164324,6.38,1103946849973350,191016777830
8:56:31,37.4263299,-122.1643262,6.356781,1103946849973350,191016777830
8:56:32,37.42638357,-122.1643458,5.89,1103947854830540,192021635020
8:56:32,37.4263844,-122.1643375,5.886394,1103947854830540,192021635020
8:56:33,37.42643452,-122.1643647,5.74,1103948850913810,193017718290
8:56:33,37.4264336,-122.1643655,5.742395,1103948850913810,193017718290
8:56:33,37.4264386,-122.1643678,5.73874,1103949039000000,193205804480
8:56:33,37.4266015,-122.1645014,,1103949039000000,193205804480
8:56:34,37.42647017,-122.1644095,5.9,1103949853081310,194019885790
8:56:34,37.4264718,-122.164404,5.887372,1103949853081310,194019885790
8:56:35,37.42649066,-122.1644692,6.37,1103950846891560,195013696040
8:56:35,37.4264959,-122.1644641,6.364969,1103950846891560,195013696040
8:56:36,37.42651469,-122.1645367,6.51,1103951843485830,196010290310
8:56:36,37.4265137,-122.1645356,6.507329,1103951843485830,196010290310
8:56:37,37.4265276,-122.1646108,6.77,1103952842950250,197009754730
8:56:37,37.4265283,-122.1646094,6.767875,1103952842950250,197009754730
8:56:38,37.42654072,-122.1646876,6.96,1103953852557700,198019362180
8:56:38,37.4265403,-122.1646867,6.930759,1103953852557700,198019362180
8:56:39,37.42654654,-122.1647642,6.71,1103954846755240,199013559720
8:56:39,37.4265483,-122.1647639,6.788894,1103954846755240,199013559720
8:56:40,37.4265525,-122.164844,7.03,1103955840391800,200007196280
8:56:40,37.4265531,-122.1648424,7.007205,1103955840391800,200007196280
8:56:41,37.42656517,-122.1649226,7.28,1103956848393360,201015197840
8:56:41,37.4265615,-122.1649225,7.271678,1103956848393360,201015197840
8:56:42,37.42658099,-122.1649974,7.32,1103957854677210,202021481690
8:56:42,37.4265783,-122.1650006,7.318503,1103957854677210,202021481690
8:56:43,37.4266075,-122.1650778,7.56,1103958846765280,203013569760
8:56:43,37.426599,-122.1650796,7.546114,1103958846765280,203013569760
8:56:44,37.42663025,-122.1651656,7.69,1103959844784590,204011589070
8:56:44,37.4266262,-122.1651623,7.680561,1103959844784590,204011589070
8:56:45,37.42664991,-122.1652452,7.43,1103960846251930,205013056410
8:56:45,37.4266492,-122.1652449,7.438931,1103960846251930,205013056410
8:56:46,37.42666613,-122.1653236,7.4,1103961846675580,206013480060
8:56:46,37.426667,-122.1653249,7.405337,1103961846675580,206013480060
8:56:47,37.4266841,-122.1653988,6.99,1103962843972500,207010776980
8:56:47,37.426684,-122.1654021,7.150297,1103962843972500,207010776980
8:56:48,37.4267032,-122.1654731,6.91,1103963842851970,208009656450
8:56:48,37.4267027,-122.1654761,6.93091,1103963842851970,208009656450
8:56:49,37.42671405,-122.165546,6.63,1103964846911500,209013715980
8:56:49,37.4267183,-122.1655486,6.636964,1103964846911500,209013715980
8:56:50,37.42672539,-122.1656141,6.51,1103965848266230,210015070710
8:56:50,37.4267311,-122.1656176,6.525402,1103965848266230,210015070710
8:56:51,37.42674984,-122.1656823,6.32,1103966845848050,211012652530
8:56:51,37.4267497,-122.165685,6.335305,1103966845848050,211012652530
8:56:52,37.42677798,-122.1657442,6.07,1103967844692840,212011497320
8:56:52,37.426776,-122.1657471,6.082097,1103967844692840,212011497320
8:56:53,37.4268,-122.1658067,5.94,1103968847457000,213014261480
8:56:53,37.4268009,-122.1658075,6.011198,1103968847457000,213014261480
8:56:53,37.4271671,-122.1663681,,1103968986000000,213152804480
8:56:53,37.4268028,-122.1658128,6.006746,1103968986000000,213152804480
8:56:54,37.42683555,-122.1658574,6.11,1103969846815700,214013620180
8:56:54,37.4268306,-122.1658603,6.033958,1103969846815700,214013620180
8:56:55,37.42688149,-122.1658956,6.16,1103970852265640,215019070120
8:56:55,37.426874,-122.1659027,5.934471,1103970852265640,215019070120
8:56:56,37.42692696,-122.1659339,6.13,1103971848416420,216015220900
8:56:56,37.4269222,-122.1659378,6.061929,1103971848416420,216015220900
8:56:57,37.42695771,-122.1659967,6.77,1103972862901360,217029705840
8:56:57,37.4269597,-122.1659903,6.5881,1103972862901360,217029705840
8:56:58,37.42696891,-122.1660626,6.75,1103973845630360,218012434840
8:56:58,37.426978,-122.166059,6.486895,1103973845630360,218012434840
8:56:59,37.42698445,-122.1661315,6.71,1103974843774730,219010579210
8:56:59,37.4269876,-122.1661313,6.585238,1103974843774730,219010579210
8:57:00,37.42700767,-122.166203,6.87,1103975870120200,220036924680
8:57:00,37.4270041,-122.1662051,6.839623,1103975870120200,220036924680
8:57:01,37.42703021,-122.1662744,7.17,1103976842426810,221009231290
8:57:01,37.4270259,-122.1662759,6.980214,1103976842426810,221009231290
8:57:02,37.4270371,-122.1663517,6.95,1103977843721020,222010525500
8:57:02,37.4270401,-122.1663517,6.917643,1103977843721020,222010525500
8:57:03,37.427053,-122.1664272,6.74,1103978845910340,223012714820
8:57:03,37.4270516,-122.1664281,6.838523,1103978845910340,223012714820
8:57:04,37.42707868,-122.1665024,7.35,1103979845195180,224011999660
8:57:04,37.4270722,-122.1665033,7.04265,1103979845195180,224011999660
8:57:05,37.42710281,-122.1665745,6.92,1103980845440070,225012244550
8:57:05,37.4270968,-122.1665769,7.002546,1103980845440070,225012244550
8:57:06,37.42710777,-122.1666618,7.39,1103981851097150,226017901630
8:57:06,37.4271091,-122.1666593,7.24332,1103981851097150,226017901630
8:57:07,37.42711812,-122.166736,6.23,1103982847532150,227014336630
8:57:07,37.4271193,-122.1667358,6.650039,1103982847532150,227014336630
8:57:08,37.42712835,-122.1668115,6.57,1103983853283810,228020088290
8:57:08,37.4271292,-122.166811,6.57566,1103983853283810,228020088290
8:57:09,37.42714011,-122.1668843,6.64,1103984848913130,229015717610
8:57:09,37.4271405,-122.1668841,6.638837,1103984848913130,229015717610
8:57:10,37.42715151,-122.166959,6.68,1103985851036980,230017841460
8:57:10,37.427151,-122.1669589,6.679926,1103985851036980,230017841460
8:57:11,37.42716023,-122.16703,6.33,1103986845931400,231012735880
8:57:11,37.4271606,-122.167031,6.339705,1103986845931400,231012735880
8:57:12,37.42716804,-122.1671057,6.88,1103987844688430,232011492910
8:57:12,37.4271685,-122.1671045,6.875835,1103987844688430,232011492910
8:57:13,37.42717544,-122.1671809,6.9,1103988852912380,233019716860
8:57:13,37.4271756,-122.1671814,6.899985,1103988852912380,233019716860
8:57:13,37.4271131,-122.1670533,,1103988997000000,233163804480
8:57:13,37.4271763,-122.1671871,6.899715,1103988997000000,233163804480
8:57:14,37.42718741,-122.1672546,7.03,1103989840299820,234007104300
8:57:14,37.4271867,-122.1672537,7.029868,1103989840299820,234007104300
8:57:15,37.42720546,-122.1673305,7.11,1103990843642630,235010447110
8:57:15,37.4272047,-122.1673306,7.109893,1103990843642630,235010447110
8:57:16,37.42722784,-122.1674069,7.05,1103991848159140,236014963620
8:57:16,37.4272278,-122.1674067,7.050576,1103991848159140,236014963620
8:57:17,37.42724213,-122.167487,7.3,1103992843904910,237010709390
8:57:17,37.4272444,-122.1674852,7.285501,1103992843904910,237010709390
8:57:18,37.42727179,-122.1675546,6.5,1103993846985430,238013789910
8:57:18,37.4272673,-122.1675581,6.550804,1103993846985430,238013789910
8:57:19,37.42727794,-122.1676371,7.12,1103994842760790,239009565270
8:57:19,37.427283,-122.1676331,7.032744,1103994842760790,239009565270
8:57:20,37.42729049,-122.1677136,6.85,1103995846862400,240013666880
8:57:20,37.4272928,-122.1677127,6.866599,1103995846862400,240013666880
8:57:21,37.4273029,-122.1677935,7.15,1103996850490360,241017294840
8:57:21,37.4273032,-122.1677924,7.142713,1103996850490360,241017294840
8:57:22,37.4273094,-122.1678673,6.2,1103997849971920,242016776400
8:57:22,37.4273106,-122.1678688,6.257924,1103997849971920,242016776400
8:57:23,37.42733677,-122.1679415,7.11,1103998855709110,243022513590
8:57:23,37.4273307,-122.1679411,7.091951,1103998855709110,243022513590
8:57:24,37.42735226,-122.1680103,6.71,1103999842878940,244009683420
8:57:24,37.4273519,-122.1680121,6.720533,1103999842878940,244009683420
8:57:25,37.42737482,-122.1680766,6.18,1104000845671340,245012475820
8:57:25,37.4273719,-122.1680796,6.195854,1104000845671340,245012475820
8:57:26,37.42736455,-122.1681455,6.76,1104001844615710,246011420190
8:57:26,37.4273695,-122.1681466,6.753599,1104001844615710,246011420190
8:57:27,37.42737121,-122.1682133,5.95,1104002844850080,247011654560
8:57:27,37.4273634,-122.1682147,5.957627,1104002844850080,247011654560
8:57:28,37.42737521,-122.1682787,5.82,1104003842494760,248009299240
8:57:28,37.4273738,-122.1682795,5.822881,1104003842494760,248009299240
8:57:29,37.42737056,-122.1683446,5.36,1104004844212100,249011016580
8:57:29,37.4273736,-122.1683447,5.372759,1104004844212100,249011016580
8:57:30,37.42735111,-122.1683962,4.9,1104005851384750,250018189230
8:57:30,37.4273548,-122.1683987,4.90275,1104005851384750,250018189230
8:57:31,37.42731302,-122.168429,5.22,1104006838721000,251005525480
8:57:31,37.427319,-122.1684342,5.204603,1104006838721000,251005525480
8:57:32,37.42726715,-122.1684375,5.62,1104007849463280,252016267760
8:57:32,37.4272697,-122.1684436,5.617339,1104007849463280,252016267760
8:57:33,37.42723418,-122.1684573,4.15,1104008849933120,253016737600
8:57:33,37.4272294,-122.1684526,4.151278,1104008849933120,253016737600
8:57:33,37.4274878,-122.1679361,,1104009074000000,253240804480
8:57:33,37.4272298,-122.1684573,4.150004,1104009074000000,253240804480
8:57:34,37.427194,-122.1684652,4.13,1104009847633010,254014437490
8:57:34,37.4271978,-122.168468,4.126307,1104009847633010,254014437490
8:57:35,37.42716457,-122.1684892,4.23,1104010845371710,255012176190
8:57:35,37.4271711,-122.16848,4.206783,1104010845371710,255012176190
8:57:36,37.42713629,-122.1685252,4.58,1104011846613730,256013418210
8:57:36,37.4271446,-122.16851,4.438149,1104011846613730,256013418210
8:57:37,37.42713344,-122.168556,3.02,1104012842798210,257009602690
8:57:37,37.4271295,-122.1685508,3.070332,1104012842798210,257009602690
8:57:38,37.42713411,-122.168592,3.64,1104013843651690,258010456170
8:57:38,37.4271341,-122.1685809,3.609683,1104013843651690,258010456170
8:57:38,37.4269213,-122.1689286,,1104013994000000,258160804480
8:57:38,37.4271342,-122.1685891,3.610526,1104013994000000,258160804480
8:57:39,37.42712536,-122.1686335,3.87,1104014848347420,259015151900
8:57:39,37.4271282,-122.1686287,3.869398,1104014848347420,259015151900
8:57:39,37.4271252,-122.1686443,3.596246,1104015338923330,259505727810
8:57:40,37.42710264,-122.1686761,4.79,1104015847258980,260014063460
8:57:40,37.4271209,-122.1686649,2.673646,1104015847258980,260014063460
8:57:41,37.4270629,-122.1686912,5.06,1104016849892040,261016696520
8:57:40,37.4270977,-122.1686888,4.493444,1104016417177970,260583982450
8:57:41,37.4270865,-122.1686906,4.964253,1104017032000000,261198804480
8:57:42,37.42701382,-122.1687026,6.02,1104017846791310,262013595790
8:57:42,37.4270287,-122.1687004,5.854509,1104017846791310,262013595790
8:57:43,37.42696438,-122.1687223,6.05,1104018855645840,263022450320
8:57:43,37.4269681,-122.1687192,6.040643,1104018855645840,263022450320
8:57:43,37.4269621,-122.1687222,6.031592,1104019012000000,263178804480
8:57:43,37.4269248,-122.1688983,,1104019012000000,263178804480
8:57:44,37.42691735,-122.1687366,5.55,1104019852318120,264019122600
8:57:44,37.4269178,-122.1687366,5.578287,1104019852318120,264019122600
8:57:45,37.42687346,-122.1687544,5.61,1104020850358540,265017163020
8:57:45,37.426872,-122.1687527,5.608089,1104020850358540,265017163020
8:57:46,37.42681596,-122.168774,7.01,1104021845603170,266012407650
8:57:46,37.4268181,-122.1687724,6.94112,1104021845603170,266012407650
8:57:47,37.42675931,-122.1687926,6.69,1104022845542170,267012346650
8:57:47,37.4267588,-122.1687922,6.700876,1104022845542170,267012346650
8:57:48,37.42670017,-122.1688145,7,1104023851043470,268017847950
8:57:48,37.4267001,-122.1688133,6.995242,1104023851043470,268017847950
8:57:49,37.42663776,-122.1688352,7.46,1104024846807060,269013611540
8:57:49,37.4266383,-122.1688347,7.437101,1104024846807060,269013611540
8:57:50,37.42656683,-122.1688563,7.73,1104025845984920,270012789400
8:57:50,37.4265689,-122.1688564,7.723582,1104025845984920,270012789400
8:57:51,37.42650409,-122.1688844,7.49,1104026849796270,271016600750
8:57:51,37.4265032,-122.1688823,7.505045,1104026849796270,271016600750
8:57:52,37.42643866,-122.1689006,7.05,1104027849386420,272016190900
8:57:52,37.4264388,-122.1689029,7.07933,1104027849386420,272016190900
8:57:53,37.42637364,-122.1689139,7.45,1104028845628810,273012433290
8:57:53,37.4263745,-122.1689157,7.410745,1104028845628810,273012433290
8:57:54,37.4263059,-122.1689329,7.27,1104029852694690,274019499170
8:57:54,37.4263067,-122.1689321,7.2807,1104029852694690,274019499170
8:57:55,37.4262365,-122.168952,7.35,1104030851101360,275017905840
8:57:55,37.4262382,-122.1689502,7.348228,1104030851101360,275017905840
8:57:56,37.42618951,-122.1690006,6.57,1104031845070570,276011875050
8:57:56,37.4261846,-122.1689885,6.568211,1104031845070570,276011875050
8:57:57,37.42615831,-122.1690548,5.95,1104032849692650,277016497130
8:57:57,37.426152,-122.1690486,5.925347,1104032849692650,277016497130
8:57:58,37.42615487,-122.1691313,7.04,1104033847416080,278014220560
8:57:58,37.4261477,-122.169125,6.900924,1104033847416080,278014220560
8:57:59,37.42616337,-122.1691967,6.67,1104034848875710,279015680190
8:57:59,37.4261588,-122.1691986,6.672277,1104034848875710,279015680190
8:58:00,37.42617735,-122.1692653,6.93,1104035848021330,280014825810
8:58:00,37.4261767,-122.1692671,6.922819,1104035848021330,280014825810
8:58:01,37.42619328,-122.1693413,7.1,1104036850946690,281017751170
8:58:01,37.4261938,-122.1693417,7.076909,1104036850946690,281017751170
8:58:02,37.42620644,-122.1694179,6.86,1104037845767630,282012572110
8:58:02,37.4262075,-122.1694181,6.899076,1104037845767630,282012572110
8:58:03,37.42622532,-122.1694964,7.06,1104038844943400,283011747880
8:58:03,37.4262244,-122.1694958,7.038177,1104038844943400,283011747880
8:58:04,37.42623322,-122.1695834,7.4,1104039844356840,284011161320
8:58:04,37.4262349,-122.1695807,7.375258,1104039844356840,284011161320
8:58:05,37.42625416,-122.1696602,7.24,1104040849051520,285015856000
8:58:05,37.4262522,-122.169661,7.251136,1104040849051520,285015856000
8:58:06,37.42627813,-122.1697352,7.33,1104041844348540,286011153020
8:58:06,37.4262743,-122.169737,7.323892,1104041844348540,286011153020
8:58:07,37.42628922,-122.1698194,7.19,1104042842428700,287009233180
8:58:07,37.4262898,-122.1698186,7.198502,1104042842428700,287009233180
8:58:08,37.4263248,-122.1698897,7.21,1104043844065670,288010870150
8:58:08,37.4263198,-122.1698919,7.209432,1104043844065670,288010870150
8:58:09,37.42633193,-122.1699799,7.08,1104044846912590,289013717070
8:58:09,37.4263344,-122.1699767,7.084741,1104044846912590,289013717070
8:58:10,37.42634622,-122.1700625,7.71,1104045849757430,290016561910
8:58:10,37.4263497,-122.1700592,7.676187,1104045849757430,290016561910
8:58:11,37.42636508,-122.1701432,7.63,1104046843473780,291010278260
8:58:11,37.426366,-122.1701429,7.637421,1104046843473780,291010278260
8:58:12,37.42639158,-122.1702024,6.02,1104047849443310,292016247790
8:58:12,37.4263904,-122.170209,6.126,1104047849443310,292016247790
8:58:13,37.42641399,-122.1702809,7.23,1104048843818250,293010622730
8:58:13,37.4264114,-122.1702794,7.026685,1104048843818250,293010622730
8:58:14,37.4264266,-122.1703639,7.59,1104049843267880,294010072360
8:58:14,37.4264273,-122.1703619,7.567896,1104049843267880,294010072360
8:58:15,37.4264438,-122.1704407,7.1,1104050845740900,295012545380
8:58:15,37.4264444,-122.1704418,7.103131,1104050845740900,295012545380
8:58:16,37.42645914,-122.1705185,7.15,1104051847319070,296014123550
8:58:16,37.4264576,-122.1705194,7.147998,1104051847319070,296014123550
8:58:17,37.42647408,-122.1705968,6.98,1104052843143440,297009947920
8:58:17,37.4264721,-122.1705974,6.986651,1104052843143440,297009947920
8:58:18,37.42648174,-122.170687,7.61,1104053850058280,298016862760
8:58:18,37.4264857,-122.1706823,7.588297,1104053850058280,298016862760
8:58:19,37.42649823,-122.170769,7.38,1104054848616660,299015421140
8:58:19,37.426497,-122.1707685,7.381408,1104054848616660,299015421140
8:58:20,37.42652348,-122.1708435,7.28,1104055846784840,300013589320
8:58:20,37.4265198,-122.1708455,7.282952,1104055846784840,300013589320
8:58:21,37.42654454,-122.1709356,8.51,1104056847972800,301014777280
8:58:21,37.4265456,-122.1709308,8.434153,1104056847972800,301014777280
8:58:22,37.42656486,-122.1710161,7.28,1104057850120190,302016924670
8:58:22,37.4265663,-122.1710177,7.406021,1104057850120190,302016924670
8:58:23,37.42658153,-122.1711086,7.95,1104058847021640,303013826120
8:58:23,37.4265828,-122.1711056,7.918244,1104058847021640,303013826120
8:58:23,37.4265838,-122.1711151,7.901721,1104059029000000,303195804480
8:58:23,37.4262954,-122.1712498,,1104059029000000,303195804480
8:58:24,37.4265926,-122.1711958,8.35,1104059846457580,304013262060
8:58:24,37.4265945,-122.1711928,8.284231,1104059846457580,304013262060
8:58:25,37.42661098,-122.1712904,8.1,1104060844969550,305011774030
8:58:25,37.4266113,-122.1712884,8.109036,1104060844969550,305011774030
8:58:26,37.42662988,-122.1713769,7.98,1104061846430640,306013235120
8:58:26,37.4266293,-122.1713772,7.98711,1104061846430640,306013235120
8:58:27,37.42664782,-122.1714653,7.95,1104062849945740,307016750220
8:58:27,37.4266474,-122.1714653,7.957187,1104062849945740,307016750220
8:58:28,37.42666235,-122.1715534,7.76,1104063850496100,308017300580
8:58:28,37.426663,-122.1715532,7.773398,1104063850496100,308017300580
8:58:29,37.42667802,-122.1716409,7.78,1104064842918860,309009723340
8:58:29,37.4266782,-122.1716401,7.781765,1104064842918860,309009723340
8:58:30,37.42668966,-122.1717242,7.49,1104065850747710,310017552190
8:58:30,37.4266914,-122.1717248,7.516607,1104065850747710,310017552190
8:58:31,37.42670416,-122.1718104,7.69,1104066844923270,311011727750
8:58:31,37.4267049,-122.1718095,7.673114,1104066844923270,311011727750
8:58:32,37.42671713,-122.17189,7.84,1104067847395930,312014200410
8:58:32,37.4267178,-122.1718915,7.821366,1104067847395930,312014200410
8:58:33,37.426743,-122.1719683,7.43,1104068843535140,313010339620
8:58:33,37.4267399,-122.171971,7.458114,1104068843535140,313010339620
8:58:34,37.42675869,-122.1720504,7.42,1104069845951910,314012756390
8:58:34,37.4267595,-122.1720507,7.423226,1104069845951910,314012756390
8:58:35,37.42678972,-122.1721266,7.6,1104070848765860,315015570340
8:58:35,37.4267866,-122.172128,7.562996,1104070848765860,315015570340
8:58:36,37.42683587,-122.1721885,7.22,1104071846784190,316013588670
8:58:36,37.4268292,-122.1721936,7.253737,1104071846784190,316013588670
8:58:37,37.42686813,-122.1722504,6.33,1104072844424240,317011228720
8:58:37,37.4268653,-122.1722548,6.405434,1104072844424240,317011228720
8:58:38,37.42690734,-122.1723081,6.67,1104073841917770,318008722250
8:58:38,37.4269049,-122.1723097,6.608993,1104073841917770,318008722250
8:58:39,37.4269561,-122.1723536,6.11,1104074847348970,319014153450
8:58:39,37.4269525,-122.172357,6.204439,1104074847348970,319014153450
8:58:40,37.42699451,-122.1723952,5.3,1104075843081250,320009885730
8:58:40,37.4269939,-122.1723972,5.345414,1104075843081250,320009885730
8:58:41,37.42702902,-122.1724324,4.99,1104076847947810,321014752290
8:58:41,37.4270291,-122.1724342,4.991935,1104076847947810,321014752290
8:58:42,37.42706282,-122.17246,5.1,1104077844262960,322011067440
8:58:42,37.4270633,-122.1724628,5.099196,1104077844262960,322011067440
8:58:43,37.42710307,-122.1724889,4.99,1104078850423480,323017227960
8:58:43,37.4271039,-122.1724881,4.991382,1104078850423480,323017227960
8:58:44,37.42714244,-122.1725048,4.89,1104079844668420,324011472900
8:58:44,37.4271431,-122.1725068,4.888573,1104079844668420,324011472900
8:58:43,37.4271498,-122.1728268,,1104079022000000,323188804480
8:58:45,37.42719048,-122.1725081,4.74,1104080846215870,325013020350
8:58:45,37.4271888,-122.1725126,4.739873,1104080846215870,325013020350
8:58:46,37.42722316,-122.172503,3.13,1104081845071120,326011875600
8:58:46,37.4272179,-122.1725066,3.333576,1104081845071120,326011875600
8:58:47,37.42724986,-122.172517,2.54,1104082854923050,327021727530
8:58:47,37.4272489,-122.1725106,2.534267,1104082854923050,327021727530
8:58:48,37.42725694,-122.1725237,1.03,1104083848047620,328014852100
8:58:48,37.4272561,-122.172522,1.691347,1104083848047620,328014852100
