"Start time ","Lat","Long ","Velocity ","Time ","Time offset "
"15:33:50","37.42729049","-122.1726952","1.61","124153712274","0"
"15:33:50","37.4272967","-122.1726966","1.506589","124153712274","0"
"15:33:50","37.427296","-122.1726876","1.559294","124421004227","267291953"
"15:33:51","37.42729304","-122.1726544","1.7","125433549433","1279837159"
"15:33:51","37.4272944","-122.1726645","1.604334","125433549433","1279837159"
"15:33:52","37.42726539","-122.172606","2.55","126434947032","2281234758"
"15:33:52","37.4272856","-122.1726348","2.24141","126434947032","2281234758"
"15:33:53","37.42728286","-122.172541","2.73","127432344475","3278632201"
"15:33:53","37.42728","-122.1725881","2.632794","127432344475","3278632201"
"15:33:54","37.4272596","-122.1725438","3.51","128430997023","4277284749"
"15:33:54","37.4272721","-122.172547","2.916821","128430997023","4277284749"
"15:33:55","37.4272567","-122.1724817","3.5","129472013585","5318301311"
"15:33:55","37.4272647","-122.172505","3.259898","129472013585","5318301311"
"15:33:56","37.4272958","-122.1724769","4.1","130479429414","6325717140"
"15:33:56","37.4272796","-122.1724738","3.300715","130479429414","6325717140"
"15:33:57","37.42731533","-122.1724341","3.55","131478450920","7324738646"
"15:33:57","37.4273058","-122.1724667","3.74561","131437552725","7283840451"
"15:33:57","37.4273279","-122.1724477","3.605691","132036602777","7882890503"
"15:33:58","37.42737881","-122.1724347","6.01","132475343467","8321631193"
"15:33:58","37.4273628","-122.1724403","4.505137","132635672308","8481960034"
"15:33:59","37.42741378","-122.1724147","5.15","133474238775","9320526501"
"15:33:59","37.4273958","-122.1724239","5.079978","133474238775","9320526501"
"15:34:00","37.42745843","-122.1723993","5.45","134480277000","10326564726"
"15:34:00","37.4274475","-122.1724012","5.413284","134480277000","10326564726"
"15:34:01","37.4274996","-122.1723754","5.79515","135474144652","11320432378"
"15:34:01","37.42750797","-122.1723719","5.85","135474144652","11320432378"
"15:34:02","37.42756355","-122.172358","5.97","136475481470","12321769196"
"15:34:02","37.4275554","-122.1723545","5.912966","136475481470","12321769196"
"15:34:03","37.42761453","-122.1723515","5.45","137481228497","13327516223"
"15:34:03","37.4276109","-122.1723468","5.779949","137481228497","13327516223"
"15:34:04","37.4276651","-122.172331","5.977812","138479277711","14325565437"
"15:34:04","37.42766831","-122.1723288","6.2","138479277711","14325565437"
"15:34:05","37.4277184","-122.1723091","6.161771","139476697602","15322985328"
"15:34:05","37.42771952","-122.1723063","6.19","139476697602","15322985328"
"15:34:06","37.4277685","-122.1722883","5.722656","140487061401","16333349127"
"15:34:06","37.42776628","-122.1722888","5.46","140487061401","16333349127"
"15:34:07","37.42781895","-122.172276","5.86","141478106083","17324393809"
"15:34:07","37.4278183","-122.1722728","5.751416","141478106083","17324393809"
"15:34:08","37.42786772","-122.1722747","5.65","142477766495","18324054221"
"15:34:08","37.4278682","-122.1722686","5.636196","142477766495","18324054221"
"15:34:09","37.42792033","-122.1722576","5.92","143484178418","19330466144"
"15:34:09","37.4279197","-122.172258","5.836285","143484178418","19330466144"
"15:34:10","37.427971","-122.1722348","6.1","144478905913","20325193639"
"15:34:10","37.4279706","-122.1722371","6.008527","144478905913","20325193639"
"15:34:11","37.42802286","-122.1722155","6.09","145482349242","21328636968"
"15:34:11","37.4280228","-122.1722162","6.050376","145482349242","21328636968"
"15:34:12","37.42807693","-122.1721984","6.64","146478513925","22324801651"
"15:34:12","37.4280771","-122.172198","6.557465","146478513925","22324801651"
"15:34:13","37.428132","-122.1721801","6.40155","147481541212","23327828938"
"15:34:13","37.42812914","-122.1721793","6.38","147481541212","23327828938"
"15:34:14","37.42818022","-122.1721665","6.24","148478928916","24325216642"
"15:34:14","37.4281843","-122.1721645","6.307009","148478928916","24325216642"
"15:34:15","37.4282339","-122.1721484","6.194018","149479618338","25325906064"
"15:34:15","37.42822775","-122.1721487","6.12","149479618338","25325906064"
"15:34:16","37.42828083","-122.1721346","5.76","150479438646","26325726372"
"15:34:16","37.4282841","-122.1721332","5.894815","150479438646","26325726372"
"15:34:17","37.42833523","-122.1721148","6.3","151474930933","27321218659"
"15:34:17","37.4283359","-122.1721183","6.013038","151474930933","27321218659"
"15:34:18","37.42838234","-122.1721056","5.84","152474448220","28320735946"
"15:34:18","37.4283854","-122.1721049","5.928373","152474448220","28320735946"
"15:34:19","37.42843539","-122.1720866","6.07","153476090768","29322378494"
"15:34:19","37.4284367","-122.1720881","6.001822","153476090768","29322378494"
"15:34:20","37.4284855","-122.1720714","5.804788","154481902014","30328189740"
"15:34:20","37.42848206","-122.172069","5.64","154481902014","30328189740"
"15:34:21","37.42851937","-122.1720188","5.7","155479399092","31325686818"
"15:34:21","37.4285227","-122.1720316","5.357172","155479399092","31325686818"
"15:34:22","37.42856212","-122.1719812","5.58","156484395547","32330683273"
"15:34:22","37.4285607","-122.1719866","5.430385","156484395547","32330683273"
"15:34:23","37.42861248","-122.1719403","6.75","157478789864","33325077590"
"15:34:23","37.4286056","-122.1719432","5.761859","157478789864","33325077590"
"15:34:24","37.42867265","-122.1719503","6.7","158483784287","34330072013"
"15:34:24","37.4286623","-122.1719333","5.716097","158483784287","34330072013"
"15:34:25","37.42872116","-122.1719307","5.97","159479294491","35325582217"
"15:34:25","37.4287169","-122.1719237","5.844255","159479294491","35325582217"
"15:34:26","37.42877139","-122.1719159","5.7","160475834903","36322122629"
"15:34:26","37.4287691","-122.1719117","5.734785","160475834903","36322122629"
"15:34:27","37.42881059","-122.1719028","5.22","161473967814","37320255540"
"15:34:27","37.4288148","-122.1718987","5.630476","161473967814","37320255540"
"15:34:28","37.4288707","-122.1718784","6.64","162476928071","38323215797"
"15:34:28","37.4288686","-122.1718797","6.150258","162476928071","38323215797"
"15:34:29","37.42892417","-122.1718593","5.91","163481256035","39327543761"
"15:34:29","37.4289224","-122.1718604","5.928768","163481256035","39327543761"
"15:34:30","37.42897735","-122.1718487","5.56","164478601968","40324889694"
"15:34:30","37.4289754","-122.1718457","5.805162","164478601968","40324889694"
"15:34:27","37.4288932","-122.1720883","","162109000000","37955287726"
"15:34:31","37.4290551","-122.1718254","5.542043","165483177953","41329465679"
"15:34:31","37.42903229","-122.1718319","6.18","165483177953","41329465679"
"15:34:32","37.4290927","-122.1718151","5.534495","166476559094","42322846820"
"15:34:32","37.42908436","-122.17182","5.65","166476559094","42322846820"
"15:34:33","37.4291349","-122.1717995","5.92","167476154975","43322442701"
"15:34:33","37.429138","-122.1717993","5.588049","167476154975","43322442701"
"15:34:34","37.42918527","-122.1717947","5.67","168485215075","44331502801"
"15:34:34","37.4291865","-122.1717899","5.579724","168485215075","44331502801"
"15:34:35","37.42923743","-122.1717763","6.38","169483659810","45329947536"
"15:34:35","37.4292378","-122.1717737","6.066988","169483659810","45329947536"
"15:34:36","37.42928169","-122.1717616","4.8","170474458451","46320746177"
"15:34:36","37.4292844","-122.1717592","5.533651","170474458451","46320746177"
"15:34:37","37.4293345","-122.1717496","5.525806","171474855477","47321143203"
"15:34:37","37.42933597","-122.1717528","5.52","171474855477","47321143203"
"15:34:38","37.4293658","-122.1717103","4.71","172474787035","48321074761"
"15:34:38","37.4293699","-122.1717184","4.824475","172474787035","48321074761"
"15:34:39","37.42938812","-122.1716631","4.75","173481265834","49327553560"
"15:34:39","37.4293843","-122.1716836","4.2593","173481265834","49327553560"
"15:34:40","37.42941173","-122.1716167","4.45","174489546194","50335833920"
"15:34:40","37.4294087","-122.1716318","4.344635","174489546194","50335833920"
"15:34:41","37.42939702","-122.1715627","5.06","175479215564","51325503290"
"15:34:41","37.4294096","-122.1715813","4.18775","175479215564","51325503290"
"15:34:42","37.42939589","-122.1715123","4.53","176476300194","52322587920"
"15:34:42","37.4294024","-122.1715237","4.376133","176476300194","52322587920"
"15:34:43","37.42939555","-122.1714555","5.06","177483454357","53329742083"
"15:34:43","37.4293965","-122.171464","4.687764","177483454357","53329742083"
"15:34:44","37.42938125","-122.1713956","5.77","178480013154","54326300880"
"15:34:44","37.4293848","-122.1714006","5.617442","178480013154","54326300880"
"15:34:45","37.42936956","-122.1713378","5.59","179480992785","55327280511"
"15:34:45","37.4293701","-122.1713382","5.59663","179480992785","55327280511"
"15:34:46","37.42933444","-122.171287","6.1","180477857728","56324145454"
"15:34:46","37.4293407","-122.1712842","6.075882","180477857728","56324145454"
"15:34:47","37.42931369","-122.1712249","6.27","181476081317","57322369043"
"15:34:47","37.4293166","-122.1712231","6.267521","181476081317","57322369043"
"15:34:48","37.42930014","-122.1711473","6.48","182487467095","58333754821"
"15:34:48","37.4293016","-122.171149","6.472169","182487467095","58333754821"
"15:34:49","37.42928263","-122.1710758","6.43","183482315059","59328602785"
"15:34:49","37.4292863","-122.1710761","6.431723","183482315059","59328602785"
"15:34:50","37.4292658","-122.1710073","6.449342","184479391513","60325679239"
"15:34:50","37.42926672","-122.1710064","6.45","184479391513","60325679239"
"15:34:51","37.42924528","-122.1709351","6.56","185475737758","61322025484"
"15:34:51","37.4292471","-122.1709357","6.541494","185475737758","61322025484"
"15:34:52","37.42923323","-122.1708564","6.98","186481537597","62327825323"
"15:34:52","37.4292313","-122.170859","6.960674","186481537597","62327825323"
"15:34:53","37.42922186","-122.1707776","6.94","187476235457","63322523183"
"15:34:53","37.4292214","-122.1707789","6.942141","187476235457","63322523183"
"15:34:54","37.4292081","-122.1707049","6.9","188478994932","64325282658"
"15:34:54","37.4292085","-122.1707039","6.903689","188478994932","64325282658"
"15:34:55","37.42918164","-122.170636","7.11","189478480761","65324768487"
"15:34:55","37.4291847","-122.1706337","7.099722","189478480761","65324768487"
"15:34:56","37.429167","-122.1705521","7.55","190477774245","66324061971"
"15:34:56","37.4291674","-122.1705533","7.500509","190477774245","66324061971"
"15:34:57","37.42914495","-122.1704772","6.65","191479161168","67325448894"
"15:34:57","37.4291474","-122.1704754","6.670167","191479161168","67325448894"
"15:34:58","37.42913176","-122.1704173","4.76","192479833039","68326120765"
"15:34:58","37.4291313","-122.170413","4.9233","192479833039","68326120765"
"15:34:59","37.42911261","-122.1703215","8.75","193493221577","69339509303"
"15:34:59","37.4291158","-122.1703313","8.511158","193493221577","69339509303"
"15:35:00","37.42909736","-122.1702373","7.53","194494553760","70340841486"
"15:35:00","37.4290969","-122.1702377","7.628277","194494553760","70340841486"
"15:35:01","37.42907698","-122.1701529","7.57","195484769276","71331057002"
"15:35:01","37.429078","-122.1701535","7.586478","195484769276","71331057002"
"15:35:02","37.4290668","-122.1700707","7.32","196478500208","72324787934"
"15:35:02","37.429065","-122.170071","7.36926","196478500208","72324787934"
"15:35:03","37.42905616","-122.1699781","7.98","197489231194","73335518920"
"15:35:03","37.429055","-122.1699805","7.845851","197489231194","73335518920"
"15:35:04","37.42903628","-122.1698916","7.33","198490996554","74337284280"
"15:35:04","37.4290378","-122.1698924","7.36724","198490996554","74337284280"
"15:35:05","37.42900684","-122.1698225","6.67","199478896913","75325184639"
"15:35:05","37.4290114","-122.1698197","6.777285","199478896913","75325184639"
"15:35:06","37.42900436","-122.1697437","6.56","200497882900","76344170626"
"15:35:06","37.4290004","-122.1697446","6.552146","200497882900","76344170626"
"15:35:07","37.42899291","-122.1696657","7.23","201493304093","77339591819"
"15:35:07","37.4289923","-122.1696669","7.105007","201493304093","77339591819"
"15:35:08","37.42896393","-122.1695803","8.37","202484962994","78331250720"
"15:35:08","37.4289681","-122.1695818","8.287144","202484962994","78331250720"
"15:35:09","37.42895319","-122.1694865","8.69","203495620855","79341908581"
"15:35:09","37.4289526","-122.1694872","8.59987","203495620855","79341908581"
"15:35:10","37.4289485","-122.1693991","8.052754","204481290015","80327577741"
"15:35:10","37.42895128","-122.1694014","7.85","204481290015","80327577741"
"15:35:11","37.4289274","-122.1693267","7.02","205483432355","81329720081"
"15:35:11","37.4289306","-122.1693227","7.087081","205483432355","81329720081"
"15:35:12","37.42891359","-122.1692458","7.17","206491179174","82337466900"
"15:35:12","37.4289145","-122.1692452","7.161757","206491179174","82337466900"
"15:35:13","37.42890916","-122.1691581","7.56","207487482398","83333770124"
"15:35:13","37.4289062","-122.1691605","7.467626","207487482398","83333770124"
"15:35:14","37.42888699","-122.1690637","8.22","208479773539","84326061265"
"15:35:14","37.4288903","-122.1690671","8.189605","208479773539","84326061265"
"15:35:15","37.42886779","-122.1689722","7.97","209487342337","85333630063"
"15:35:15","37.4288704","-122.1689731","7.983432","209487342337","85333630063"
"15:35:16","37.42885194","-122.1688847","7.9","210494136812","86340424538"
"15:35:16","37.4288519","-122.1688848","7.896532","210494136812","86340424538"
"15:35:17","37.4288281","-122.1688","7.78","211482522848","87328810574"
"15:35:17","37.4288325","-122.1687992","7.781196","211482522848","87328810574"
"15:35:18","37.4288136","-122.1687194","7.53","212491005084","88337292810"
"15:35:18","37.4288153","-122.168717","7.530217","212491005084","88337292810"
"15:35:19","37.42879643","-122.1686414","7.4","213484012579","89330300305"
"15:35:19","37.4287984","-122.168639","7.400303","213484012579","89330300305"
"15:35:20","37.42877454","-122.1685627","7.19","214483027210","90329314936"
"15:35:20","37.4287774","-122.168561","7.190732","214483027210","90329314936"
"15:35:21","37.42874942","-122.1684897","7.29","215491178716","91337466442"
"15:35:21","37.4287522","-122.1684874","7.28994","215491178716","91337466442"
"15:35:22","37.42872463","-122.1684127","7.37","216492571004","92338858730"
"15:35:22","37.4287263","-122.1684117","7.356253","216492571004","92338858730"
"15:35:23","37.42870543","-122.1683417","6.53","217482687352","93328975078"
"15:35:23","37.4287049","-122.1683399","6.550099","217482687352","93328975078"
"15:35:24","37.42868563","-122.168268","6.88","218481322921","94327610647"
"15:35:24","37.4286862","-122.1682683","6.879532","218481322921","94327610647"
"15:35:25","37.42866011","-122.1681911","7.55","219495177813","95341465539"
"15:35:25","37.4286609","-122.1681923","7.533499","219495177813","95341465539"
"15:35:26","37.42863887","-122.1681067","7.74","220478613953","96324901679"
"15:35:26","37.428637","-122.1681097","7.735076","220478613953","96324901679"
"15:35:27","37.42860712","-122.1680395","7.01","221475299052","97321586778"
"15:35:27","37.4286094","-122.1680356","7.111731","221475299052","97321586778"
"15:35:28","37.42860433","-122.1679424","8.45","222485564674","98331852400"
"15:35:28","37.4285976","-122.1679478","8.382167","222485564674","98331852400"
"15:35:29","37.42858882","-122.1678507","8.57","223496047431","99342335157"
"15:35:29","37.4285891","-122.1678512","8.565388","223496047431","99342335157"
"15:35:30","37.42857311","-122.1677644","8","224496575447","100342863173"
"15:35:30","37.428574","-122.1677617","8.071413","224496575447","100342863173"
"15:35:31","37.4285572","-122.1676744","8.035107","225486274608","101332562334"
"15:35:31","37.42855633","-122.167675","8.03","225486274608","101332562334"
"15:35:32","37.42853831","-122.1675903","7.85","226493166844","102339454570"
"15:35:32","37.428539","-122.1675889","7.868042","226493166844","102339454570"
"15:35:33","37.42852419","-122.1675027","7.94","227479536317","103325824043"
"15:35:33","37.4285223","-122.1675034","7.927747","227479536317","103325824043"
"15:35:34","37.42852045","-122.1674226","7.08","228491124543","104337412269"
"15:35:34","37.4285163","-122.1674203","7.136352","228491124543","104337412269"
"15:35:35","37.42849832","-122.1673388","7.78","229493604174","105339891900"
"15:35:35","37.4285027","-122.1673389","7.752789","229493604174","105339891900"
"15:35:36","37.42848153","-122.167257","7.54","230474528386","106320816112"
"15:35:36","37.4284824","-122.1672567","7.568575","230474528386","106320816112"
"15:35:37","37.42848248","-122.1671743","7.57","231489308643","107335596369"
"15:35:37","37.4284781","-122.1671735","7.549842","231489308643","107335596369"
"15:35:38","37.4284694","-122.1670971","7.02","232488003535","108334291261"
"15:35:38","37.4284707","-122.1670947","7.062449","232488003535","108334291261"
"15:35:39","37.42842831","-122.1670291","7.17","233491549572","109337837298"
"15:35:39","37.4284369","-122.1670255","7.160667","233491549572","109337837298"
"15:35:40","37.42839104","-122.166966","7.3","234482258785","110328546511"
"15:35:40","37.4283953","-122.1669629","7.289906","234482258785","110328546511"
"15:35:41","37.428323","-122.1669596","7.34","235487097531","111333385257"
"15:35:41","37.4283333","-122.1669411","7.219652","235487097531","111333385257"
"15:35:42","37.42827247","-122.166919","6.52","236483375860","112329663586"
"15:35:42","37.4282716","-122.1669231","6.519846","236483375860","112329663586"
"15:35:43","37.42823864","-122.1668602","6.57","237482035543","113328323269"
"15:35:43","37.4282344","-122.1668658","6.56741","237482035543","113328323269"
"15:35:44","37.42821871","-122.1667953","6.4","238487523872","114333811598"
"15:35:44","37.4282154","-122.1667964","6.399876","238487523872","114333811598"
"15:35:45","37.42821401","-122.1667298","6.02","239493306264","115339593990"
"15:35:45","37.42821","-122.1667285","6.020602","239493306264","115339593990"
"15:35:46","37.42821842","-122.1666726","5.67","240486677769","116332965495"
"15:35:46","37.4282163","-122.1666688","5.686416","240486677769","116332965495"
"15:35:47","37.42823618","-122.1666037","6.5","241479374170","117325661896"
"15:35:47","37.428234","-122.1666046","6.412175","241479374170","117325661896"
"15:35:48","37.42826971","-122.1665513","5.83","242477140311","118323428037"
"15:35:48","37.4282655","-122.1665476","5.853231","242477140311","118323428037"
"15:35:49","37.4282981","-122.1664915","5.89","243476419004","119322706730"
"15:35:49","37.4282983","-122.1664929","5.888335","243476419004","119322706730"
"15:35:50","37.42828962","-122.1664238","6.68","244479003531","120325291257"
"15:35:50","37.4283019","-122.1664285","6.65879","244479003531","120325291257"
"15:35:51","37.4282854","-122.1663516","6.804531","245478314152","121324601878"
"15:35:51","37.42828667","-122.166349","6.83","245478314152","121324601878"
"15:35:52","37.42826533","-122.1662668","7.81","246478336178","122324623904"
"15:35:52","37.4282679","-122.1662693","7.720518","246478336178","122324623904"
"15:35:53","37.42825195","-122.1661925","6.86","247485988050","123332275776"
"15:35:53","37.4282514","-122.1661902","7.051445","247485988050","123332275776"
"15:35:54","37.42823947","-122.1661188","7.05","248484008201","124330295927"
"15:35:54","37.4282379","-122.1661173","7.038539","248484008201","124330295927"
"15:35:55","37.42821729","-122.1660345","7.7","249480208092","125326495818"
"15:35:55","37.4282185","-122.1660361","7.657498","249480208092","125326495818"
"15:35:56","37.42820682","-122.1659547","7.12","250488427672","126334715398"
"15:35:56","37.4282035","-122.1659544","7.153798","250488427672","126334715398"
"15:35:57","37.42818969","-122.1658699","7.78","251486469021","127332756747"
"15:35:57","37.4281891","-122.1658715","7.723773","251486469021","127332756747"
"15:35:58","37.42816988","-122.1658019","7.06","252481110370","128327398096"
"15:35:58","37.4281714","-122.1657974","7.072455","252481110370","128327398096"
"15:35:59","37.42815461","-122.1657208","7.24","253489338648","129335626374"
"15:35:59","37.4281543","-122.1657204","7.230093","253489338648","129335626374"
"15:35:47","37.4283705","-122.1666393","","241807000000","117653287726"
"15:36:00","37.42813542","-122.165649","6.57","254483199580","130329487306"
"15:36:00","37.4281291","-122.1656207","6.567409","254483199580","130329487306"
"15:36:01","37.42811452","-122.1655774","6.5","255491072597","131337360323"
"15:36:01","37.428114","-122.1655691","6.505521","255491072597","131337360323"
"15:36:02","37.42809802","-122.1655117","6.17","256487510613","132333798339"
"15:36:02","37.4280964","-122.1655084","6.177988","256487510613","132333798339"
"15:36:03","37.42807684","-122.1654431","6.86","257484178473","133330466199"
"15:36:03","37.4280781","-122.1654424","6.847154","257484178473","133330466199"
"15:36:04","37.42806319","-122.1653784","5.96","258489318677","134335606403"
"15:36:04","37.4280622","-122.1653751","5.99534","258489318677","134335606403"
"15:36:05","37.42805207","-122.1653058","6.19","259476170754","135322458480"
"15:36:05","37.4280504","-122.1653074","6.184836","259476170754","135322458480"
"15:36:06","37.42804406","-122.165235","6.55","260485485803","136331773529"
"15:36:06","37.4280433","-122.1652358","6.545789","260485485803","136331773529"
"15:36:07","37.42803414","-122.1651604","6.6","261485302152","137331589878"
"15:36:07","37.4280364","-122.1651608","6.597124","261485302152","137331589878"
"15:36:08","37.42801531","-122.1650934","6.53","262482849856","138329137582"
"15:36:08","37.4280184","-122.1650916","6.533387","262482849856","138329137582"
"15:36:09","37.42800054","-122.1650241","6.55","263484493758","139330781484"
"15:36:09","37.4280002","-122.1650232","6.537847","263484493758","139330781484"
"15:36:10","37.42798057","-122.1649613","6.1","264472696877","140318984603"
"15:36:10","37.4279819","-122.164959","6.148991","264472696877","140318984603"
"15:36:11","37.42796141","-122.1649048","6.21","265490934895","141337222621"
"15:36:11","37.4279628","-122.1649008","6.179571","265490934895","141337222621"
"15:36:12","37.42794002","-122.164838","6.14","266484390463","142330678189"
"15:36:12","37.4279454","-122.1648361","6.142748","266484390463","142330678189"
"15:36:13","37.42792724","-122.1647672","6.15","267489645407","143335933133"
"15:36:13","37.4279275","-122.1647679","6.14885","267489645407","143335933133"
"15:36:14","37.42791586","-122.1647065","5.56","268490472902","144336760628"
"15:36:14","37.4279146","-122.1647053","5.606067","268490472902","144336760628"
"15:36:15","37.4278991","-122.1646434","5.69","269478069563","145324357289"
"15:36:15","37.4278996","-122.1646439","5.68403","269478069563","145324357289"
"15:36:16","37.42788584","-122.1645801","5.36","270485925289","146332213015"
"15:36:16","37.4278853","-122.1645808","5.366326","270485925289","146332213015"
"15:36:17","37.42787301","-122.1645154","5.76","271495604504","147341892230"
"15:36:17","37.4278734","-122.1645171","5.742777","271495604504","147341892230"
"15:36:18","37.42785854","-122.1644469","6.1","272483122519","148329410245"
"15:36:18","37.4278604","-122.164449","6.082374","272483122519","148329410245"
"15:36:19","37.42784286","-122.1643845","5.98","273491713349","149338001075"
"15:36:19","37.4278442","-122.1643836","5.980871","273491713349","149338001075"
"15:36:20","37.42783049","-122.1643215","5.71","274501944178","150348231904"
"15:36:20","37.427831","-122.1643201","5.710814","274501944178","150348231904"
"15:36:21","37.42782068","-122.1642601","5.66","275488361881","151334649607"
"15:36:21","37.4278192","-122.1642597","5.659859","275488361881","151334649607"
"15:36:22","37.42780879","-122.1641993","5.63","276491112866","152337400592"
"15:36:22","37.4278099","-122.1641983","5.631799","276491112866","152337400592"
"15:36:23","37.42779777","-122.16414","5.85","277488869632","153335157358"
"15:36:23","37.4277972","-122.164139","5.839783","277488869632","153335157358"
"15:36:24","37.42778505","-122.1640755","6.02","278493810774","154340098500"
"15:36:24","37.4277854","-122.164075","6.008702","278493810774","154340098500"
"15:36:25","37.42777652","-122.1640036","6.63","279495679051","155341966777"
"15:36:25","37.4277755","-122.1640049","6.565778","279495679051","155341966777"
"15:36:26","37.42775622","-122.1639314","6.55","280494622067","156340909793"
"15:36:26","37.4277595","-122.1639314","6.556483","280494622067","156340909793"
"15:36:27","37.4277457","-122.1638562","6.46","281489293989","157335581715"
"15:36:27","37.4277451","-122.1638574","6.462753","281489293989","157335581715"
"15:36:28","37.42772969","-122.1637949","6","282487615963","158333903689"
"15:36:28","37.427731","-122.1637922","6.022988","282487615963","158333903689"
"15:36:29","37.42770951","-122.1637189","6.7","283491628668","159337916394"
"15:36:29","37.4277121","-122.1637209","6.676911","283491628668","159337916394"
"15:36:30","37.4277003","-122.1636516","5.96","284487208506","160333496232"
"15:36:30","37.4276988","-122.1636507","5.983188","284487208506","160333496232"
"15:36:31","37.42767925","-122.1635773","6.88","285495835117","161342122843"
"15:36:31","37.4276819","-122.1635793","6.84788","285495835117","161342122843"
"15:36:32","37.42766235","-122.1635014","7.3","286480163288","162326451014"
"15:36:32","37.4276623","-122.1635031","7.26388","286480163288","162326451014"
"15:36:33","37.42764607","-122.1634225","7.06","287479749690","163326037416"
"15:36:33","37.4276459","-122.1634229","7.070178","287479749690","163326037416"
"15:36:34","37.42762643","-122.1633564","6.92","288486517446","164332805172"
"15:36:34","37.4276286","-122.1633526","6.921809","288486517446","164332805172"
"15:36:35","37.42760749","-122.1632816","7.14","289489425307","165335713033"
"15:36:35","37.4276098","-122.1632798","7.132564","289489425307","165335713033"
"15:36:36","37.42759362","-122.1632079","6.65","290489165615","166335453341"
"15:36:36","37.4275935","-122.163206","6.653684","290489165615","166335453341"
"15:36:37","37.42757542","-122.1631413","6.46","291487954777","167334242503"
"15:36:37","37.4275772","-122.1631385","6.46497","291487954777","167334242503"
"15:36:38","37.42755223","-122.1630698","6.71","292488846699","168335134425"
"15:36:38","37.4275542","-122.1630696","6.695289","292488846699","168335134425"
"15:36:39","37.42753747","-122.1630005","6.72","293483586173","169329873899"
"15:36:39","37.4275366","-122.1629998","6.719278","293483586173","169329873899"
"15:36:40","37.42751506","-122.1629254","7.48","294479691846","170325979572"
"15:36:40","37.4275163","-122.162926","7.464479","294479691846","170325979572"
"15:36:41","37.42749361","-122.1628402","8.04","295496088978","171342376704"
"15:36:41","37.4274941","-122.1628413","8.010776","295496088978","171342376704"
"15:36:42","37.4274853","-122.1627593","7.07","296499232932","172345520658"
"15:36:42","37.427483","-122.1627574","7.078007","296499232932","172345520658"
"15:36:43","37.42746816","-122.162681","6.88","297485274541","173331562267"
"15:36:43","37.4274701","-122.1626804","6.880635","297485274541","173331562267"
"15:36:44","37.42745021","-122.1626064","6.77","298501469590","174347757316"
"15:36:44","37.4274527","-122.1626052","6.775464","298501469590","174347757316"
"15:36:45","37.42743734","-122.1625263","7.12","299486508021","175332795747"
"15:36:45","37.4274373","-122.162528","7.099913","299486508021","175332795747"
"15:36:46","37.42742187","-122.1624531","6.97","300480683589","176326971315"
"15:36:46","37.4274229","-122.162452","6.971175","300480683589","176326971315"
"15:36:47","37.42740903","-122.1623807","6.96","301487548898","177333836624"
"15:36:47","37.4274082","-122.1623789","6.959256","301487548898","177333836624"
"15:36:48","37.42739404","-122.162298","7.01","302491955612","178338243338"
"15:36:48","37.427394","-122.1622992","7.008829","302491955612","178338243338"
"15:36:49","37.42737477","-122.1622155","8.08","303487587639","179333875365"
"15:36:49","37.427376","-122.1622175","7.893309","303487587639","179333875365"
"15:36:50","37.42735736","-122.1621496","6.07","304492290551","180338578277"
"15:36:50","37.4273575","-122.162145","6.116178","304492290551","180338578277"
"15:36:51","37.42734208","-122.1620739","6.79","305482517837","181328805563"
"15:36:51","37.4273414","-122.1620757","6.766245","305482517837","181328805563"
"15:36:52","37.42733353","-122.1619909","7.54","306480423301","182326711027"
"15:36:52","37.4273317","-122.1619941","7.360107","306480423301","182326711027"
"15:36:53","37.42732012","-122.1619346","5.83","307475654911","183321942637"
"15:36:53","37.4273212","-122.1619287","6.244451","307475654911","183321942637"
"15:36:54","37.42730224","-122.161856","6.9","308482929074","184329216800"
"15:36:54","37.4273044","-122.1618562","6.876893","308482929074","184329216800"
"15:36:55","37.42727931","-122.1617843","6.53","309484902195","185331189921"
"15:36:55","37.4272827","-122.1617831","6.530975","309484902195","185331189921"
"15:36:56","37.42725757","-122.1617153","6.27","310483056929","186329344655"
"15:36:56","37.4272592","-122.1617148","6.274894","310483056929","186329344655"
"15:36:57","37.42723714","-122.1616505","6.45","311494168749","187340456475"
"15:36:57","37.4272379","-122.1616495","6.443137","311494168749","187340456475"
"15:36:58","37.42721732","-122.1615832","6.48","312497121765","188343409491"
"15:36:58","37.4272167","-122.1615828","6.470167","312497121765","188343409491"
"15:36:59","37.42720341","-122.1615098","6.46","313485055353","189331343079"
"15:36:59","37.4272017","-122.1615112","6.463386","313485055353","189331343079"
"15:37:00","37.42719746","-122.1614419","5.78","314478092327","190324380053"
"15:37:00","37.427194","-122.1614421","5.884859","314478092327","190324380053"
"15:37:01","37.42719264","-122.1614013","5.6","315480401386","191326689112"
"15:37:01","37.4271903","-122.1613944","5.598636","315480401386","191326689112"
"15:37:02","37.42718699","-122.1613176","7.2","316491899090","192338186816"
"15:37:02","37.4271864","-122.1613209","7.066763","316491899090","192338186816"
"15:37:03","37.42717759","-122.1612575","5.42","317490313409","193336601135"
"15:37:03","37.4271792","-122.161253","5.610489","317490313409","193336601135"
"15:37:04","37.42716364","-122.161175","7.09","318489128144","194335415870"
"15:37:04","37.4271657","-122.161179","6.947162","318489128144","194335415870"
"15:37:05","37.42715792","-122.1611177","6.03","319482747826","195329035552"
"15:37:05","37.4271563","-122.1611135","6.065404","319482747826","195329035552"
"15:37:06","37.42713636","-122.1610531","5.43","320490736572","196337024298"
"15:37:06","37.4271408","-122.1610506","5.455339","320490736572","196337024298"
"15:37:07","37.42711629","-122.1609832","6.09","321484967713","197331255439"
"15:37:07","37.4271203","-122.1609856","6.069519","321484967713","197331255439"
"15:37:08","37.42709731","-122.1609185","5.43","322477423749","198323711475"
"15:37:08","37.4270994","-122.1609192","5.447671","322477423749","198323711475"
"15:37:09","37.42709188","-122.160851","5.28","323496354372","199342642098"
"15:37:09","37.427091","-122.1608531","5.28493","323496354372","199342642098"
"15:37:10","37.42707641","-122.1607924","5.46","324486608116","200332895842"
"15:37:10","37.4270787","-122.160793","5.459307","324486608116","200332895842"
"15:37:11","37.42706328","-122.1607337","5.61","325480340038","201326627764"
"15:37:11","37.4270645","-122.1607336","5.609795","325480340038","201326627764"
"15:37:12","37.42704703","-122.160671","6.04","326485990503","202332278229"
"15:37:12","37.4270489","-122.1606711","6.03326","326485990503","202332278229"
"15:37:13","37.4270305","-122.1606086","6.09","327490053259","203336340985"
"15:37:13","37.4270322","-122.1606073","6.089624","327490053259","203336340985"
"15:37:14","37.42700548","-122.1605562","5.43","328484200962","204330488688"
"15:37:14","37.4270086","-122.1605518","5.535663","328484200962","204330488688"
"15:37:15","37.42699372","-122.1604784","6.62","329494866740","205341154466"
"15:37:15","37.4269914","-122.1604827","6.509191","329494866740","205341154466"
"15:37:16","37.42698168","-122.1604081","5.85","330484712880","206331000606"
"15:37:16","37.4269799","-122.1604096","5.883482","330484712880","206331000606"
"15:37:17","37.42696559","-122.1603397","6.46","331485684490","207331972216"
"15:37:17","37.4269666","-122.160341","6.447978","331485684490","207331972216"
"15:37:18","37.42695488","-122.1602764","6","332488570580","208334858306"
"15:37:18","37.4269548","-122.1602742","6.016686","332488570580","208334858306"
"15:37:19","37.42694568","-122.1602013","6.58","333496364951","209342652677"
"15:37:19","37.4269453","-122.1602029","6.57566","333496364951","209342652677"
"15:37:20","37.42693258","-122.1601256","6.28","334495666821","210341954547"
"15:37:20","37.4269334","-122.1601269","6.280531","334495666821","210341954547"
"15:37:21","37.42691518","-122.1600634","6.06","335480442388","211326730114"
"15:37:21","37.426917","-122.1600618","6.064323","335480442388","211326730114"
"15:37:22","37.4269011","-122.1600033","5.86","336483466342","212329754068"
"15:37:22","37.4269017","-122.1600008","5.864703","336483466342","212329754068"
"15:37:23","37.4268841","-122.1599401","5.78","337486048942","213332336668"
"15:37:23","37.4268859","-122.1599388","5.782778","337486048942","213332336668"
"15:37:24","37.42687213","-122.1598801","5.56","338494446855","214340734581"
"15:37:24","37.4268714","-122.1598788","5.564169","338494446855","214340734581"
"15:37:25","37.42685355","-122.1598245","5.3","339486305131","215332592857"
"15:37:25","37.4268551","-122.1598226","5.305267","339486305131","215332592857"
"15:37:26","37.42683585","-122.1597709","4.85","340485336429","216331624155"
"15:37:26","37.4268356","-122.15977","4.852058","340485336429","216331624155"
"15:37:27","37.42680933","-122.1597214","5.03","341480767205","217327054931"
"15:37:27","37.4268119","-122.159721","5.029476","341480767205","217327054931"
"15:37:28","37.42677549","-122.1596863","5.24","342491980326","218338268052"
"15:37:28","37.4267797","-122.1596852","5.229789","342491980326","218338268052"
"15:37:29","37.42673111","-122.1596686","5.48","343487124644","219333412370"
"15:37:29","37.4267345","-122.1596629","5.44151","343487124644","219333412370"
"15:37:30","37.42668379","-122.1596375","5.64","344487103963","220333391689"
"15:37:30","37.4266851","-122.1596393","5.639112","344487103963","220333391689"
"15:37:31","37.42663617","-122.159631","5.68","345492433021","221338720747"
"15:37:31","37.4266369","-122.1596253","5.676108","345492433021","221338720747"
"15:37:32","37.42658649","-122.1596333","5.82","346496889944","222343177670"
"15:37:32","37.4265862","-122.15963","5.813898","346496889944","222343177670"
"15:37:33","37.42652988","-122.1596382","6.19","347492371554","223338659280"
"15:37:33","37.4265312","-122.1596367","6.178657","347492371554","223338659280"
"15:37:34","37.42647365","-122.1596602","6.5","348490459934","224336747660"
"15:37:34","37.4264745","-122.1596555","6.494722","348490459934","224336747660"
"15:37:35","37.42641781","-122.1596811","6.73","349492885920","225339173646"
"15:37:35","37.4264181","-122.1596801","6.721328","349492885920","225339173646"
"15:37:36","37.42636009","-122.1597023","6.42","350490917634","226337205360"
"15:37:36","37.42636","-122.1597015","6.426415","350490917634","226337205360"
"15:37:37","37.42629684","-122.1597151","6.93","351492876692","227339164418"
"15:37:37","37.4262991","-122.1597171","6.90545","351492876692","227339164418"
"15:37:38","37.4262248","-122.1597288","7.26","352479241061","228325528787"
"15:37:38","37.426229","-122.1597277","7.2455","352479241061","228325528787"
"15:37:39","37.42615811","-122.1597548","7.89","353481762671","229328050397"
"15:37:39","37.4261599","-122.159749","7.739059","353481762671","229328050397"
"15:37:40","37.42610081","-122.1597727","6.75","354491692095","230337979821"
"15:37:40","37.4260986","-122.159772","6.795708","354491692095","230337979821"
"15:37:41","37.42603767","-122.1597935","6.85","355485330006","231331617732"
"15:37:41","37.4260384","-122.159793","6.849867","355485330006","231331617732"
"15:37:42","37.42597654","-122.1598206","7.21","356489869013","232336156739"
"15:37:42","37.4259772","-122.1598186","7.204207","356489869013","232336156739"
"15:37:43","37.42592538","-122.1598546","6.32","357479740309","233326028035"
"15:37:43","37.4259225","-122.1598511","6.351847","357479740309","233326028035"
"15:37:44","37.42586421","-122.1598822","6.78","358497356608","234343644334"
"15:37:44","37.4258659","-122.159882","6.759927","358497356608","234343644334"
"15:37:45","37.425809","-122.1599197","6.33","359496574364","235342862090"
"15:37:45","37.4258089","-122.1599158","6.342718","359496574364","235342862090"
"15:37:46","37.42576472","-122.1599486","6.16","360493837641","236340125367"
"15:37:46","37.4257628","-122.1599488","6.162872","360493837641","236340125367"
"15:37:47","37.42571054","-122.1599817","6.42","361489057583","237335345309"
"15:37:47","37.4257118","-122.159982","6.415632","361489057583","237335345309"
"15:37:48","37.42565751","-122.1600223","6.84","362491320652","238337608378"
"15:37:48","37.4256585","-122.1600204","6.834636","362491320652","238337608378"
"15:37:49","37.4256012","-122.1600533","6.86","363485686741","239331974467"
"15:37:49","37.4256029","-122.1600558","6.858921","363485686741","239331974467"
"15:37:50","37.42554706","-122.1600876","6.86","364483095225","240329382951"
"15:37:50","37.4255471","-122.1600879","6.859648","364483095225","240329382951"
"15:37:51","37.42549019","-122.1601207","6.9","365480165325","241326453051"
"15:37:51","37.4254904","-122.1601204","6.900013","365480165325","241326453051"
"15:37:51","37.425491","-122.1604888","","365655000000","241501287726"
"15:37:51","37.4254854","-122.1601237","6.885531","365655000000","241501287726"
"15:37:52","37.42543852","-122.1601473","6.64","366488346311","242334634037"
"15:37:52","37.4254387","-122.1601486","6.640491","366488346311","242334634037"
"15:37:53","37.42537571","-122.1601809","7.25","367484185733","243330473459"
"15:37:53","37.425378","-122.1601788","7.248595","367484185733","243330473459"
"15:37:54","37.42531616","-122.1602131","7.23","368485541249","244331828975"
"15:37:54","37.4253166","-122.160212","7.230986","368485541249","244331828975"
"15:37:55","37.42525827","-122.1602344","6.96","369487719995","245334007721"
"15:37:55","37.4252578","-122.1602374","6.961096","369487719995","245334007721"
"15:37:56","37.42520019","-122.1602608","6.92","370496337335","246342625061"
"15:37:56","37.4251994","-122.1602612","6.920081","370496337335","246342625061"
"15:37:57","37.42513986","-122.1602862","6.28","371477165453","247323453179"
"15:37:57","37.4251404","-122.1602858","6.292343","371477165453","247323453179"
"15:37:58","37.42508549","-122.1603162","6.38","372492791128","248339078854"
"15:37:58","37.4250861","-122.1603155","6.374073","372492791128","248339078854"
"15:37:59","37.42502873","-122.1603343","6.39","373479611278","249325899004"
"15:37:59","37.4250303","-122.160337","6.379452","373479611278","249325899004"
"15:38:00","37.42497093","-122.1603503","6.35","374490169191","250336456917"
"15:38:00","37.4249719","-122.1603521","6.349432","374490169191","250336456917"
"15:38:01","37.42491358","-122.1603767","6.7","375485095749","251331383475"
"15:38:01","37.4249145","-122.1603737","6.695062","375485095749","251331383475"
"15:38:02","37.42484972","-122.1603947","6.95","376485879807","252332167533"
"15:38:02","37.4248523","-122.1603966","6.937325","376485879807","252332167533"
"15:38:03","37.42479291","-122.1604199","6.49","377494369438","253340657164"
"15:38:03","37.4247925","-122.1604191","6.508662","377494369438","253340657164"
"15:38:04","37.4247318","-122.1604386","6.35","378486146204","254332433930"
"15:38:04","37.4247333","-122.1604384","6.35208","378486146204","254332433930"
"15:38:05","37.42467959","-122.1604578","6.11","379490301095","255336588821"
"15:38:05","37.424679","-122.1604572","6.111149","379490301095","255336588821"
"15:38:06","37.42463317","-122.1604809","5.49","380489753278","256336041004"
"15:38:06","37.4246309","-122.160479","5.491177","380489753278","256336041004"
"15:38:07","37.42458716","-122.1605006","4.97","381488373326","257334661052"
"15:38:07","37.4245866","-122.1605015","4.977305","381488373326","257334661052"
"15:38:08","37.42454042","-122.1605154","4.94","382497934780","258344222506"
"15:38:08","37.4245415","-122.1605169","4.935074","382497934780","258344222506"
"15:38:09","37.42450487","-122.1605298","4.67","383487912535","259334200261"
"15:38:09","37.424507","-122.160526","4.691053","383487912535","259334200261"
"15:38:10","37.42446459","-122.1605531","5.18","384482094197","260328381923"
"15:38:10","37.4244718","-122.1605452","5.120255","384482094197","260328381923"
"15:38:11","37.42442549","-122.1605874","5.13","385499375704","261345663430"
"15:38:11","37.4244261","-122.1605807","5.131594","385499375704","261345663430"
"15:38:12","37.4243882","-122.160613","5.018678","386486560074","262332847800"
"15:38:12","37.42438809","-122.1606145","5.01","386486560074","262332847800"
"15:38:13","37.42435511","-122.1606471","4.55","387477426214","263323713940"
"15:38:13","37.4243527","-122.1606448","4.735387","387477426214","263323713940"
"15:38:14","37.42431422","-122.1606703","4.77","388479036835","264325324561"
"15:38:14","37.4243202","-122.1606684","4.720375","388479036835","264325324561"
"15:38:09","37.4248611","-122.1608059","","383841000000","259687287726"
"15:38:15","37.42426868","-122.1606862","5.26","389491373029","265337660755"
"15:38:15","37.4242593","-122.1606952","5.013876","389491373029","265337660755"
"15:38:16","37.42422546","-122.1606902","5.2","390485972399","266332260125"
"15:38:16","37.4242199","-122.1606988","5.167675","390485972399","266332260125"
"15:38:17","37.42418152","-122.1606739","5.42","391488144426","267334432152"
"15:38:17","37.4241773","-122.1606862","5.409532","391488144426","267334432152"
"15:38:18","37.42414889","-122.1606324","5.95","392486628744","268332916470"
"15:38:18","37.4241414","-122.1606452","5.721839","392486628744","268332916470"
"15:38:19","37.42413237","-122.1605674","6.2","393492841449","269339129175"
"15:38:19","37.4241198","-122.160582","6.065384","393492841449","269339129175"
"15:38:20","37.42412065","-122.1605042","5.74","394497510143","270343797869"
"15:38:20","37.4241125","-122.1605104","5.748309","394497510143","270343797869"
"15:38:18","37.4245122","-122.1609104","","392301000000","268147287726"
"15:38:21","37.4241191","-122.1604386","5.92","395489686023","271335973749"
"15:38:21","37.4241116","-122.1603998","5.878583","395489686023","271335973749"
"15:38:22","37.42411315","-122.1603533","7.53","396491275810","272337563536"
"15:38:22","37.4241119","-122.1603431","6.252247","396491275810","272337563536"
"15:38:23","37.42412525","-122.1603408","1.54","397500981171","273347268897"
"15:38:23","37.424118","-122.160318","2.630179","397500981171","273347268897"
"15:38:24","37.4241254","-122.1603073","1.98","398483051842","274329339568"
"15:38:24","37.4241229","-122.1603088","1.966696","398483051842","274329339568"
"15:38:25","37.4241239","-122.1602818","2.110888","399489873348","275336161074"
"15:38:25","37.42412463","-122.1602766","2.25","399489873348","275336161074"
"15:38:26","37.42412172","-122.1602428","2.77","400486429385","276332717111"
"15:38:26","37.4241229","-122.1602539","2.488103","400486429385","276332717111"
"15:38:27","37.42412363","-122.1602101","2.95","401500794382","277347082108"
"15:38:27","37.4241224","-122.1602177","2.85204","401500794382","277347082108"
"15:38:28","37.42412268","-122.1601707","3.64","402484578282","278330866008"
"15:38:28","37.424122","-122.1601827","3.169999","402484578282","278330866008"
"15:38:29","37.42412035","-122.1601294","4.31","403476563381","279322851107"
"15:38:29","37.4241189","-122.1601384","3.716268","403476563381","279322851107"
"15:38:30","37.4241192","-122.1600791","4.82","404492297232","280338584958"
"15:38:29","37.4241144","-122.1601195","1.595048","404110311040","279956598766"
"15:38:30","37.424115","-122.1600952","2.708573","404681141521","280527429247"
"15:38:31","37.42411496","-122.160025","5.43","405492691498","281338979224"
"15:38:31","37.4241122","-122.1600459","4.850478","405492691498","281338979224"
"15:38:32","37.42410342","-122.1599627","5.63","406484563420","282330851146"
"15:38:32","37.4241036","-122.1599779","5.413878","406484563420","282330851146"
"15:38:33","37.42408764","-122.1599049","5.91","407495342219","283341629945"
"15:38:33","37.4240886","-122.1599117","5.680053","407495342219","283341629945"
"15:38:33","37.424512","-122.160909","","407948000000","283794287726"
"15:38:33","37.4240829","-122.1598898","5.65342","407948000000","283794287726"
"15:38:34","37.42408156","-122.1598418","6.06","408491143151","284337430877"
"15:38:34","37.4240784","-122.1598496","5.785409","408491143151","284337430877"
"15:38:35","37.42407296","-122.1597727","6.08","409484752938","285331040664"
"15:38:35","37.4240704","-122.1597792","5.926153","409484752938","285331040664"
"15:38:36","37.42405399","-122.1596999","6.41","410486995642","286333283368"
"15:38:36","37.4240551","-122.1597064","6.283164","410486995642","286333283368"
"15:38:37","37.42403736","-122.1596318","6.16","411479339230","287325626956"
"15:38:37","37.4240379","-122.1596358","6.167717","411479339230","287325626956"
"15:38:38","37.42401495","-122.1595592","6.74","412490153133","288336440859"
"15:38:38","37.4240196","-122.1595631","6.64242","412490153133","288336440859"
"15:38:39","37.42400127","-122.1594908","6.25","413489113493","289335401219"
"15:38:39","37.4240017","-122.1594914","6.280863","413489113493","289335401219"
"15:38:40","37.423989","-122.1594198","6.248832","414494324478","290340612204"
"15:38:40","37.42398899","-122.1594175","6.29","414494324478","290340612204"
"15:38:41","37.4239804","-122.1593451","6.76","415487197650","291333485376"
"15:38:41","37.4239806","-122.1593474","6.451734","415487197650","291333485376"
"15:38:42","37.42396247","-122.159286","5.76","416496238740","292342526466"
"15:38:42","37.4239669","-122.1592807","6.273208","416496238740","292342526466"
"15:38:43","37.42395188","-122.1592017","7.33","417495669725","293341957451"
"15:38:43","37.4239529","-122.1592046","6.735488","417495669725","293341957451"
"15:38:44","37.42394273","-122.1591335","6.53","418486772272","294333059998"
"15:38:44","37.4239422","-122.1591325","6.591091","418486772272","294333059998"
"15:38:45","37.42392535","-122.1590582","6.9","419477126225","295323413951"
"15:38:45","37.4239283","-122.1590585","6.74963","419477126225","295323413951"
"15:38:46","37.4239029","-122.1589733","7.54","420484237992","296330525718"
"15:38:46","37.423909","-122.1589766","7.218517","420484237992","296330525718"
"15:38:47","37.42387905","-122.1588958","7.03","421500530020","297346817746"
"15:38:47","37.4238856","-122.1588972","7.081472","421500530020","297346817746"
"15:38:48","37.42385668","-122.1588187","7.21","422494922307","298341210033"
"15:38:48","37.4238606","-122.1588204","7.150202","422494922307","298341210033"
"15:38:49","37.42382443","-122.1587448","7.27","423493226260","299339513986"
"15:38:49","37.423832","-122.1587445","7.224002","423493226260","299339513986"
"15:38:50","37.42380424","-122.1586719","6.74","424493234849","300339522575"
"15:38:50","37.4238066","-122.1586713","6.835825","424493234849","300339522575"
"15:38:51","37.42377815","-122.1586045","6.6","425478363750","301324651476"
"15:38:51","37.4237813","-122.1586031","6.638523","425478363750","301324651476"
"15:38:52","37.42375156","-122.1585344","6.4","426494786507","302341074233"
"15:38:52","37.4237531","-122.1585347","6.423845","426494786507","302341074233"
"15:38:53","37.42372584","-122.1584695","5.49","427491213117","303337500843"
"15:38:53","37.423727","-122.1584702","5.546936","427491213117","303337500843"
"15:38:54","37.42369322","-122.158405","6.63","428488956185","304335243911"
"15:38:54","37.4236997","-122.1584097","6.144479","428488956185","304335243911"
"15:38:53","37.4235799","-122.1582912","","427582000000","303428287726"
"15:38:55","37.42366379","-122.1583437","6.18","429498277327","305344565053"
"15:38:55","37.4236533","-122.1583184","6.180257","429498277327","305344565053"
"15:38:56","37.42363344","-122.1582844","6.52","430496539406","306342827132"
"15:38:56","37.423629","-122.1582703","6.466265","430496539406","306342827132"
"15:38:57","37.42358851","-122.158215","8.23","431484794400","307331082126"
"15:38:57","37.4235935","-122.1582111","7.263207","431484794400","307331082126"
"15:38:58","37.42355459","-122.1581543","6.53","432489209083","308335496809"
"15:38:58","37.423555","-122.1581507","6.577007","432489209083","308335496809"
"15:38:59","37.42351783","-122.1580941","6.8","433486375693","309332663419"
"15:38:59","37.4235189","-122.1580927","6.795288","433486375693","309332663419"
"15:39:00","37.42348574","-122.1580311","6.77","434489159647","310335447373"
"15:39:00","37.4234862","-122.1580296","6.770022","434489159647","310335447373"
"15:39:01","37.4234521","-122.1579655","7.08","435494038289","311340326015"
"15:39:01","37.4234532","-122.1579647","7.079381","435494038289","311340326015"
"15:39:02","37.42342221","-122.157904","6.53","436482268544","312328556270"
"15:39:02","37.4234211","-122.1579021","6.569407","436482268544","312328556270"
"15:39:03","37.42338557","-122.1578299","7.72","437481432914","313327720640"
"15:39:03","37.4233866","-122.1578327","7.657501","437481432914","313327720640"
"15:39:04","37.42336037","-122.1577637","6.82","438491738848","314338026574"
"15:39:04","37.4233572","-122.1577621","6.893648","438491738848","314338026574"
"15:39:05","37.42333472","-122.1577084","5.76","439478758790","315325046516"
"15:39:05","37.4233332","-122.1577042","5.78722","439478758790","315325046516"
"15:39:06","37.42330488","-122.1576492","6.15","440494921548","316341209274"
"15:39:06","37.423305","-122.1576487","6.149311","440494921548","316341209274"
"15:39:07","37.4232759","-122.1575959","5.66","441483301750","317329589476"
"15:39:07","37.4232749","-122.157595","5.665708","441483301750","317329589476"
"15:39:08","37.42324918","-122.1575348","6.08","442484549871","318330837597"
"15:39:08","37.4232478","-122.1575374","6.064655","442484549871","318330837597"
"15:39:09","37.42321186","-122.1574768","6.8","443487350648","319333638374"
"15:39:09","37.4232147","-122.1574769","6.782171","443487350648","319333638374"
"15:39:10","37.42316391","-122.1574312","5.75","444488878352","320335166078"
"15:39:10","37.4231678","-122.1574268","5.757742","444488878352","320335166078"
"15:39:11","37.42312699","-122.1573799","6.06","445485943087","321332230813"
"15:39:11","37.4231263","-122.1573834","6.058134","445485943087","321332230813"
"15:39:12","37.42309234","-122.157326","5.79","446494732979","322341020705"
"15:39:12","37.4230914","-122.1573279","5.792247","446494732979","322341020705"
"15:39:13","37.42306253","-122.157278","5.13","447489792140","323336079866"
"15:39:13","37.4230622","-122.1572769","5.175746","447489792140","323336079866"
"15:39:14","37.4230238","-122.1572483","5.21","448479018228","324325305954"
"15:39:14","37.423027","-122.157243","5.188036","448479018228","324325305954"
"15:39:13","37.4229266","-122.1572227","","447572000000","323418287726"
"15:39:15","37.42298394","-122.1572263","5.41","449489066402","325335354128"
"15:39:15","37.4229764","-122.1572158","5.3955","449489066402","325335354128"
"15:39:16","37.42293574","-122.1572158","5.63","450491427596","326337715322"
"15:39:16","37.4229343","-122.1572088","5.622994","450491427596","326337715322"
"15:39:17","37.42288103","-122.1572201","6","451498091967","327344379693"
"15:39:17","37.4228818","-122.1572147","5.99765","451498091967","327344379693"
"15:39:18","37.4228306","-122.1572367","5.935473","452481877586","328328165312"
"15:39:18","37.42283111","-122.1572417","5.93","452481877586","328328165312"
"15:39:19","37.42278587","-122.1572817","6.26","453489719405","329336007131"
"15:39:19","37.4227845","-122.1572763","6.25117","453489719405","329336007131"
"15:39:20","37.42274074","-122.157318","6.25","454482657629","330328945355"
"15:39:20","37.4227406","-122.1573184","6.250148","454482657629","330328945355"
"15:39:21","37.42268725","-122.1573544","6.31","455486391531","331332679257"
"15:39:21","37.42269","-122.1573568","6.304598","455486391531","331332679257"
"15:39:22","37.42264126","-122.1573842","5.13","456485354182","332331641908"
"15:39:22","37.4226421","-122.1573882","5.153517","456485354182","332331641908"
"15:39:23","37.42259863","-122.1574126","4.93","457486423813","333332711539"
"15:39:23","37.4225991","-122.1574127","4.956666","457486423813","333332711539"
"15:39:24","37.42253638","-122.1574172","6.21","458479838079","334326125805"
"15:39:24","37.4225425","-122.1574219","6.035538","458479838079","334326125805"
"15:39:25","37.42249293","-122.1574129","5.38","459487969065","335334256791"
"15:39:25","37.4224916","-122.1574163","5.450074","459487969065","335334256791"
"15:39:26","37.42245864","-122.1574092","4.05","460492763019","336339050745"
"15:39:26","37.4224543","-122.1574101","4.149855","460492763019","336339050745"
"15:39:27","37.42243388","-122.1574363","4.24","461498094630","337344382356"
"15:39:27","37.422438","-122.1574197","4.037979","461498094630","337344382356"
"15:39:28","37.42240908","-122.1574602","3.4","462491179312","338337467038"
"15:39:28","37.4224132","-122.1574522","3.516341","462491179312","338337467038"
"15:39:29","37.42236919","-122.1574757","4.89","463490469203","339336756929"
"15:39:29","37.4223815","-122.1574741","4.709421","463490469203","339336756929"
"15:39:30","37.42232764","-122.1574927","4.81","464484313833","340330601559"
"15:39:30","37.4223305","-122.1574892","4.815115","464484313833","340330601559"
"15:39:31","37.42228341","-122.1575101","4.98","465485519818","341331807544"
"15:39:31","37.4222925","-122.1575058","4.959074","465485519818","341331807544"
"15:39:32","37.42223681","-122.1575361","5.67","466490479606","342336767332"
"15:39:32","37.4222497","-122.1575263","5.426124","466490479606","342336767332"
"15:39:28","37.4224163","-122.1576159","","462338000000","338184287726"
"15:39:33","37.42219031","-122.1575629","5.55","467491928977","343338216703"
"15:39:33","37.422301","-122.1576527","5.116097","467373034673","343219322399"
"15:39:33","37.422195","-122.157573","5.53943","467926000000","343772287726"
"15:39:34","37.42214673","-122.1576065","6","468486545274","344332833000"
"15:39:34","37.4221793","-122.1575814","5.485375","468451206131","344297493857"
"15:39:34","37.4221394","-122.1576177","5.89049","469050187173","344896474899"
"15:39:35","37.42209929","-122.1576479","5.61","469480139904","345326427630"
"15:39:35","37.4221132","-122.1576376","5.632235","469480139904","345326427630"
"15:39:36","37.42204857","-122.1576874","6.45","470488012400","346334300126"
"15:39:36","37.4220553","-122.1576816","6.433833","470488012400","346334300126"
"15:39:37","37.42201391","-122.1577291","5.18","471479864322","347326152048"
"15:39:37","37.422011","-122.1577248","5.194312","471479864322","347326152048"
"15:39:38","37.42197675","-122.1577667","5.08","472491882964","348338170690"
"15:39:38","37.4219749","-122.1577634","5.087944","472491882964","348338170690"
"15:39:39","37.42192996","-122.1578044","5.63","473492316918","349338604644"
"15:39:39","37.4219326","-122.1578026","5.601884","473492316918","349338604644"
"15:39:40","37.42188829","-122.1578399","5.35","474490790663","350337078389"
"15:39:40","37.4218886","-122.1578382","5.353893","474490790663","350337078389"
"15:39:41","37.42184235","-122.1578769","5.74","475491092690","351337380416"
"15:39:41","37.4218439","-122.1578745","5.718862","475491092690","351337380416"
"15:39:42","37.42180323","-122.157908","5.05","476485463727","352331751453"
"15:39:42","37.4218018","-122.1579067","5.125258","476485463727","352331751453"
"15:39:43","37.42176777","-122.1579463","4.85","477476580284","353322868010"
"15:39:43","37.4217649","-122.1579431","5.698637","477476580284","353322868010"
"15:39:43","37.4217502","-122.1579565","1.949415","478094752173","353941039899"
"15:39:44","37.42174199","-122.157987","4.73","478493101843","354339389569"
"15:39:44","37.421749","-122.1579698","2.272156","478655497745","354501785471"
"15:39:45","37.42172253","-122.1580303","4.74","479493922933","355340210659"
"15:39:45","37.421733","-122.1579984","3.990871","479172923527","355019211253"
"15:39:45","37.4217155","-122.1580381","4.67758","479771902641","355618190367"
"15:39:46","37.42174749","-122.1580852","5.41","480490866313","356337154039"
"15:39:46","37.421734","-122.1580706","5.323546","480490866313","356337154039"
"15:39:47","37.42173955","-122.1581293","4.99","481494858080","357341145806"
"15:39:47","37.4217429","-122.1581287","4.989431","481494858080","357341145806"
"15:39:48","37.42170916","-122.1581685","5.21","482493236669","358339524395"
"15:39:48","37.4217147","-122.1581725","5.175917","482493236669","358339524395"
"15:39:49","37.42167551","-122.158201","4.76","483482881351","359329169077"
"15:39:49","37.421677","-122.1582055","4.883657","483482881351","359329169077"
"15:39:49","37.4216642","-122.1582093","4.221183","483999000000","359845287726"
"15:39:50","37.42164688","-122.1582432","4.92","484475843950","360322131676"
"15:39:50","37.4216503","-122.1582232","4.169592","484558000000","360404287726"
"15:39:51","37.42161029","-122.1582822","4.89","485487153165","361333440891"
"15:39:50","37.4216269","-122.1582635","4.847884","485072870454","360919158180"
"15:39:51","37.4216132","-122.1582818","4.926615","485671840402","361518128128"
"15:39:52","37.4215917","-122.1583134","4.935465","486270803370","362117091096"
"15:39:52","37.42157119","-122.1583183","5.1","486476207326","362322495052"
"15:39:52","37.4215792","-122.1583176","5.060263","486476207326","362322495052"
"15:39:53","37.4215299","-122.1583498","4.81","487484452895","363330740621"
"15:39:53","37.4215359","-122.1583517","4.986457","487484452895","363330740621"
"15:39:54","37.42148811","-122.1583768","4.99","488484849245","364331136971"
"15:39:53","37.4215141","-122.1583617","3.419237","488097684985","363943972711"
"15:39:54","37.4214986","-122.1583682","3.384576","488632000000","364478287726"
"15:39:55","37.42144831","-122.1584039","4.93","489479818563","365326106289"
"15:39:55","37.4214643","-122.1583893","4.543535","489175861600","365022149326"
"15:39:55","37.4214378","-122.1584135","4.865408","489774833995","365621121721"
"15:39:56","37.42141396","-122.1584384","4.86","490494771372","366341059098"
"15:39:56","37.4214209","-122.1584288","4.930204","490373789412","366220077138"
"15:39:56","37.4213959","-122.1584515","4.950273","490972764360","366819052086"
"15:39:57","37.421361","-122.1584375","5.68","491488252461","367334540187"
"15:39:57","37.4213686","-122.1584446","5.469863","491488252461","367334540187"
"15:39:56","37.4213607","-122.1584283","","490592000000","366438287726"
"15:39:58","37.42132805","-122.1584468","3.47","492490419019","368336706745"
"15:39:58","37.4213154","-122.1584461","3.642039","492490419019","368336706745"
"15:39:59","37.42129212","-122.1584742","5.53","493497398963","369343686689"
"15:39:59","37.421289","-122.1584686","5.476635","493497398963","369343686689"
"15:40:00","37.42126304","-122.158506","4.81","494492047187","370338334913"
"15:40:00","37.4212584","-122.158505","4.822524","494492047187","370338334913"
"15:40:01","37.42122484","-122.1585312","4.42","495481747546","371328035272"
"15:40:01","37.4212241","-122.1585334","4.860965","495481747546","371328035272"
"15:40:01","37.4212173","-122.158542","3.332747","496004160454","371850448180"
"15:40:02","37.42118831","-122.1585639","4.94","496493969314","372340257040"
"15:40:02","37.4212101","-122.1585545","2.488138","496548000000","372394287726"
"15:40:02","37.4211911","-122.1585776","3.664731","497067000000","372913287726"
"15:40:03","37.42114852","-122.1585937","4.97","497501732643","373348020369"
"15:40:03","37.4211469","-122.1586041","4.841179","497681333110","373527620836"
"15:40:04","37.42110982","-122.1586233","4.68","498492321544","374338609270"
"15:40:04","37.421127","-122.1586175","4.963133","498280315610","374126603336"
"15:40:04","37.4210972","-122.1586378","4.7858","498879266600","374725554326"
"15:40:05","37.42107474","-122.1586495","4.34","499488662060","375334949786"
"15:40:05","37.4210792","-122.1586481","4.763012","499478245089","375324532815"
"15:40:06","37.42104962","-122.1586778","3.22","500480076169","376326363895"
"15:40:05","37.4210477","-122.1586679","4.40259","500077244152","375923531878"
"15:40:06","37.4210454","-122.1586747","3.681648","500611000000","376457287726"
"15:40:07","37.42102084","-122.158688","3.05","501486081269","377332368995"
"15:40:07","37.4210289","-122.1587","3.293283","501155385141","377001672867"
"15:40:07","37.4210188","-122.1586963","3.040137","501684733631","377531021357"
"15:40:08","37.42098348","-122.1586759","4.52","502480212983","378326500709"
"15:40:08","37.4209965","-122.1586907","2.923054","502233530975","378079818701"
"15:40:08","37.420982","-122.1586783","3.753561","502757000000","378603287726"
"15:40:09","37.42096008","-122.1586442","4.4","503480720114","379327007840"
"15:40:09","37.4209601","-122.1586514","4.427821","503311713370","379158001096"
"15:40:09","37.4209534","-122.1586318","4.467057","503826000000","379672287726"
"15:40:10","37.42093926","-122.158606","4.17","504487877870","380334165596"
"15:40:10","37.4209451","-122.1585986","4.456394","504389886548","380236174274"
"15:40:10","37.4209344","-122.158573","4.163996","504988857850","380835145576"
"15:40:11","37.42091541","-122.1585725","3.95","505479570261","381325857987"
"15:40:12","37.4209042","-122.1585379","3.976003","506186763110","382033050836"
"15:40:12","37.42089038","-122.1585334","4.87","506492050101","382338337827"
"15:40:12","37.4208833","-122.1585139","4.240059","506785820610","382632108336"
"15:40:13","37.42086796","-122.1584882","4.54","507483741450","383330029176"
"15:40:13","37.420874","-122.1584963","4.476147","507384804464","383231092190"
"15:40:13","37.4208577","-122.1584677","4.591575","507983764204","383830051930"
"15:40:14","37.42084724","-122.1584462","4.22","508492245301","384338533027"
"15:40:14","37.4208487","-122.1584497","4.6029","508492245301","384338533027"
"15:40:15","37.42082787","-122.1584041","4.28","509486721910","385333009636"
"15:40:14","37.4208311","-122.158414","4.483417","509061881027","384908168753"
"15:40:15","37.4208277","-122.158406","4.490601","509605000000","385451287726"
"15:40:15","37.4208118","-122.1583722","4.461372","510140024829","385986312555"
"15:40:16","37.42080763","-122.1583655","3.87","510481484301","386327772027"
"15:40:17","37.42078883","-122.1583316","3.56","511481529609","387327817335"
"15:40:17","37.4207896","-122.158331","4.390786","511218186495","387064474221"
"15:40:12","37.4210455","-122.1584675","","507012000000","382858287726"
"15:40:17","37.4207822","-122.1583182","3.56","511817182693","387663470419"
"15:40:18","37.42076926","-122.1583023","3.15","512487773719","388334061445"
"15:40:18","37.4207748","-122.1582915","2.126156","512416168318","388262456044"
"15:40:19","37.42073996","-122.1582824","4.2","513478315589","389324603315"
"15:40:18","37.4207614","-122.1582795","2.286632","513015139100","388861426826"
"15:40:19","37.4207511","-122.1582796","2.669131","513529000000","389375287726"
"15:40:19","37.4207289","-122.1582723","3.052823","514088000000","389934287726"
"15:40:20","37.42070583","-122.1582845","3.98","514499438243","390345725969"
"15:40:20","37.4207053","-122.1582739","3.291915","514684733631","390531021357"
"15:40:21","37.420681","-122.1582772","3.291441","515291247589","391137535315"
"15:40:21","37.42067515","-122.1583053","3.54","515485536101","391331823827"
"15:40:22","37.42065013","-122.1583343","3.56","516494287296","392340575022"
"15:40:22","37.4206506","-122.1582996","3.196278","516494287296","392340575022"
"15:40:22","37.4206292","-122.1583268","3.097602","517088165350","392934453076"
"15:40:23","37.42062445","-122.158365","3.78","517482667238","393328954964"
"15:40:18","37.4207005","-122.1583212","","512392000000","388238287726"
